-- phpMyAdmin SQL Dump
-- version 4.7.0
-- https://www.phpmyadmin.net/
--
-- Host: 127.0.0.1
-- Generation Time: Oct 17, 2017 at 10:42 PM
-- Server version: 10.1.25-MariaDB
-- PHP Version: 7.1.7

SET SQL_MODE = "NO_AUTO_VALUE_ON_ZERO";
SET AUTOCOMMIT = 0;
START TRANSACTION;
SET time_zone = "+00:00";


/*!40101 SET @OLD_CHARACTER_SET_CLIENT=@@CHARACTER_SET_CLIENT */;
/*!40101 SET @OLD_CHARACTER_SET_RESULTS=@@CHARACTER_SET_RESULTS */;
/*!40101 SET @OLD_COLLATION_CONNECTION=@@COLLATION_CONNECTION */;
/*!40101 SET NAMES utf8mb4 */;

--
-- Database: `dbshika`
--

-- --------------------------------------------------------

--
-- Table structure for table `about`
--

CREATE TABLE `about` (
  `id` int(11) NOT NULL,
  `location` varchar(50) NOT NULL,
  `title` varchar(255) NOT NULL,
  `article` text,
  `image` varchar(255) DEFAULT NULL,
  `image_alt` varchar(255) NOT NULL,
  `created_at` datetime NOT NULL,
  `updated_at` datetime NOT NULL
) ENGINE=InnoDB DEFAULT CHARSET=utf8;

--
-- Dumping data for table `about`
--

INSERT INTO `about` (`id`, `location`, `title`, `article`, `image`, `image_alt`, `created_at`, `updated_at`) VALUES
(1, 'about1', 'הסיפור שלנו', 'לורם איפסום דולור סיט אמט, קונסקטורר אדיפיסינג אלית הועניב היושבב שערש שמחויט - שלושע ותלברו חשלו שעותלשך וחאית נובש ערששף. זותה מנק הבקיץ אפאח דלאמת יבש, כאנה ניצאחו נמרגי שהכים תוק, הדש שנרא התידם הכייר וק.\r\n\r\nלפרומי בלוף קינץ תתיח לרעח. לת צשחמי צש בליא, מנסוטו צמלח לביקו ננבי, צמוקו בלוקריה שיצמה ברורק. להאמית קרהשק סכעיט דז מא, מנכם למטכין נשואי מנורךגולר מונפרר סוברט לורם שבצק יהול, לכנוץ בעריר גק ליץ, ושבעגט. גולר מונפרר סוברט לורם שבצק יהול, לכנוץ בעריר גק ליץ, צש בליא, מנסוטו צמלח לביקו ננבי, צמוקו בלוקריה שיצמה ברורק. קולורס מונפרד אדנדום סילקוף, מרגשי ומרגשח. עמחלי להאמית קרהשק סכעיט דז מא, מנכם למטכין נשואי מנורך. נולום ארווס סאפיאן - פוסיליס קוויס, אקווזמן קולורס מונפרד אדנדום סילקוף, מרגשי ומרגשח. עמחליף לורם איפסום דולור סיט אמט, קונסקטורר אדיפיסינג אלית. סת אלמנקום ניסי נון ניבאה. דס איאקוליס וולופטה דיאם. וסטיבולום אט דולור, קראס אגת לקטוס וואל אאוגו וסטיבולום סוליסי טידום בעליק. קונדימנטום קורוס בליקרה, נונסטי קלובר בריקנה סטום, לפריקך תצטריק לרטי.\r\n\r\nקולהע צופעט למרקוח איבן איף, ברומץ כלרשט מיחוצים. קלאצי מוסן מנת. להאמית קרהשק סכעיט דז מא, מנכם למטכין נשואי מנורך. נולום ארווס סאפיאן - פוסיליס קוויס, אקווזמן קוואזי במר מודוף. \r\nאודיפו בלאסטיק מונופץ קליר, בנפת נפקט למסון בלרק - וענוף גולר מונפרר סוברט לורם שבצק יהול, לכנוץ בעריר גק ליץ, ושבעגט ליבם סולגק. בראיט ולחת צורק מונחף, בגורמי מגמש. תרבנך וסתעד לכנו סתשם השמה - לתכי מורגם בורק? לתיג ישבעס.\r\n\r\nנולום ארווס סאפיאן - פוסיליס קוויס, אקווזמן קוואזי במר מודוף. אודיפו בלאסטיק מונופץ קליר, בנפת נפקט למסון בלרק - וענוף לפרומי בלוף קינץ תתיח לרעח. לת צשחמי', NULL, '', '2017-02-01 00:00:00', '2017-02-02 00:00:00'),
(2, 'about2', 'האני מאמין שלנו', 'כאשר ילד נולד אל העולם , הוא שואב את הידע שלו מן הסביבה בה הוא חי: ביתו ומשפחתו. לאחר זמן מסוים הוא מוסיף את מסגרת הגן.\nבמסגרת איכותית שבנינו , יצליח הפעוט לפתח העדפות אישיות, ללמוד תוך חקירה ולפתח ביטחון עצמי. מסגרת איכותית שבנינו חושפת את הילד לגירויים תחושתיים , מוטוריים וקוגניטיביים. הדגש ניתן על כבוד הילד ועל מתן אפשרות לפיתוח הבחירה והעצמאות, המסגרת נוטעת בילד ביטחון עצמי ותחושת אימון בסיסית במבוגרים בכלל ובפרט.\nאנו כגננות רואות את תפקידנו חשיבות כמלווה בתהליך העצום שבו עוברים הילדים בשלושת השנים הראשונות לחייהם. אנו נאיר להם את הדרך, נעזור להם לפתח עצמאות, נחשוף אותם לעולם קסום אשר סובב אותנו ונצייד אותם באמונה בעוצמות ובחוסן.\nמבנה התהליך החינוכי הנו אוסף של תוכניות לימוד אשר לוקטו לאורך שנות עבודתנו עם המון חום ואהבה, קבלה ונתינה והמון סבלנות.', NULL, '', '2017-02-01 00:00:00', '2017-02-02 00:00:00'),
(3, 'about3', 'הנסיון שלנו', 'לפרומי בלוף קינץ תתיח לרעח. לת צשחמי צש בליא, מנסוטו צמלח לביקו ננבי, צמוקו בלוקריה שיצמה ברורק. להאמית קרהשק סכעיט דז מא, מנכם למטכין נשואי מנורךגולר מונפרר סוברט לורם שבצק יהול, לכנוץ בעריר גק ליץ, ושבעגט. גולר מונפרר סוברט לורם שבצק יהול, לכנוץ בעריר גק ליץ, צש בליא, מנסוטו צמלח לביקו ננבי, צמוקו בלוקריה שיצמה ברורק. קולורס מונפרד אדנדום סילקוף, מרגשי ומרגשח. עמחלי להאמית קרהשק סכעיט דז מא, מנכם למטכין נשואי מנורך. נולום ארווס סאפיאן - פוסיליס קוויס, אקווזמן קולורס מונפרד אדנדום סילקוף, מרגשי ומרגשח. עמחליף לורם איפסום דולור סיט אמט, קונסקטורר אדיפיסינג אלית. סת אלמנקום ניסי נון ניבאה. דס איאקוליס וולופטה דיאם. וסטיבולום אט דולור, קראס אגת לקטוס וואל אאוגו וסטיבולום סוליסי טידום בעליק. קונדימנטום קורוס בליקרה, נונסטי קלובר בריקנה סטום, לפריקך תצטריק לרטי.', NULL, '', '2017-02-01 00:00:00', '2017-02-02 00:00:00'),
(4, 'about4', 'למה אנחנו ?', 'לורם איפסום דולור סיט אמט, קונסקטורר אדיפיסינג אלית הועניב היושבב שערש שמחויט - שלושע ותלברו חשלו שעותלשך וחאית נובש ערששף. זותה מנק הבקיץ אפאח דלאמת יבש, כאנה ניצאחו נמרגי שהכים תוק, הדש שנרא התידם הכייר וק.\r\n\r\nלפרומי בלוף קינץ תתיח לרעח. לת צשחמי צש בליא, מנסוטו צמלח לביקו ננבי, צמוקו בלוקריה שיצמה ברורק. להאמית קרהשק סכעיט דז מא, מנכם למטכין נשואי מנורךגולר מונפרר סוברט לורם שבצק יהול, לכנוץ בעריר גק ליץ, ושבעגט. גולר מונפרר סוברט לורם שבצק יהול, לכנוץ בעריר גק ליץ, צש בליא, מנסוטו צמלח לביקו ננבי, צמוקו בלוקריה שיצמה ברורק. קולורס מונפרד אדנדום סילקוף, מרגשי ומרגשח. עמחלי להאמית קרהשק סכעיט דז מא, מנכם למטכין נשואי מנורך. נולום ארווס סאפיאן - פוסיליס קוויס, אקווזמן קולורס מונפרד אדנדום סילקוף, מרגשי ומרגשח. עמחליף לורם איפסום דולור סיט אמט, קונסקטורר אדיפיסינג אלית. סת אלמנקום ניסי נון ניבאה. דס איאקוליס וולופטה דיאם. וסטיבולום אט דולור, קראס אגת לקטוס וואל אאוגו וסטיבולום סוליסי טידום בעליק. קונדימנטום קורוס בליקרה, נונסטי קלובר בריקנה סטום, לפריקך תצטריק לרטי.\r\n\r\nקולהע צופעט למרקוח איבן איף, ברומץ כלרשט מיחוצים. קלאצי מוסן מנת. להאמית קרהשק סכעיט דז מא, מנכם למטכין נשואי מנורך. נולום ארווס סאפיאן - פוסיליס קוויס, אקווזמן קוואזי במר מודוף. אודיפו בלאסטיק מונופץ קליר, בנפת נפקט למסון בלרק - וענוף גולר מונפרר סוברט לורם שבצק יהול, לכנוץ בעריר גק ליץ, ושבעגט ליבם סולגק. בראיט ולחת צורק מונחף, בגורמי מגמש. תרבנך וסתעד לכנו סתשם השמה - לתכי מורגם בורק? לתיג ישבעס.\r\n\r\nנולום ארווס סאפיאן - פוסיליס קוויס, אקווזמן קוואזי במר מודוף. אודיפו בלאסטיק מונופץ קליר, בנפת נפקט למסון בלרק - וענוף לפרומי בלוף קינץ תתיח לרעח. לת צשחמי', '', '', '2017-02-01 00:00:00', '2017-02-02 00:00:00'),
(5, 'capability', 'יכולת 1', '', NULL, '', '2017-02-01 00:00:00', '2017-02-02 00:00:00'),
(6, 'capability', 'יכולת 2', '', '', '', '2017-02-01 00:00:00', '2017-02-02 00:00:00'),
(7, 'capability', 'יכולת 3', '', '', '', '2017-02-01 00:00:00', '2017-02-02 00:00:00'),
(8, 'capability', 'יכולת 4 ', '', '', '', '2017-02-01 00:00:00', '2017-02-02 00:00:00'),
(9, 'capabilityTitle', 'מיומנות בהתמודדות עם', '', '', '', '2017-02-01 00:00:00', '2017-02-02 00:00:00'),
(10, 'image', '', NULL, 'ourStory.png', 'תמונה דף אודות', '2017-10-01 08:28:28', '2017-10-03 19:09:10');

-- --------------------------------------------------------

--
-- Table structure for table `albums`
--

CREATE TABLE `albums` (
  `id` int(11) NOT NULL,
  `name` varchar(255) NOT NULL,
  `picturesTaken` date NOT NULL,
  `thumbnail` varchar(255) NOT NULL,
  `created_at` datetime NOT NULL,
  `updated_at` datetime NOT NULL
) ENGINE=InnoDB DEFAULT CHARSET=utf8;

--
-- Dumping data for table `albums`
--

INSERT INTO `albums` (`id`, `name`, `picturesTaken`, `thumbnail`, `created_at`, `updated_at`) VALUES
(36, 'סדר פסח בגן 2017', '2017-04-02', '17-04-12-XopDBj.jpeg', '2017-04-12 12:10:44', '2017-04-12 13:26:06'),
(37, 'שיעור עם כנרת ברוח חג הפסח', '2017-04-05', 'CoverPhoto-17-04-12-hogAZ9.jpeg', '2017-04-12 12:16:36', '2017-10-17 13:11:43'),
(41, 'משחקים בחצר', '2017-04-02', 'CoverPhoto-17-04-12-YYyoiU.jpeg', '2017-04-12 13:40:22', '2017-04-12 13:40:22'),
(66, 'תרגול מוטוריקה עדינה', '2016-11-01', 'CoverPhoto-17-04-30-u1G5w4.jpeg', '2017-04-30 06:55:42', '2017-04-30 06:55:42');

-- --------------------------------------------------------

--
-- Table structure for table `colors`
--

CREATE TABLE `colors` (
  `bgNum` int(3) NOT NULL,
  `hex` varchar(25) NOT NULL,
  `name` varchar(30) NOT NULL
) ENGINE=InnoDB DEFAULT CHARSET=utf8;

--
-- Dumping data for table `colors`
--

INSERT INTO `colors` (`bgNum`, `hex`, `name`) VALUES
(0, '#fff', 'לבן'),
(1, '#f0c24b', 'צהוב חרדל'),
(2, '#b5d56a', 'ירוק'),
(3, '#ea7066', 'אדום'),
(4, '#84bed6', 'תכלת'),
(5, '#a597e7', 'סגלגל'),
(6, '#ea77ad', 'ורוד'),
(9, '#0a0a0a', 'שחור');

-- --------------------------------------------------------

--
-- Table structure for table `contacts`
--

CREATE TABLE `contacts` (
  `id` int(11) NOT NULL,
  `name` text NOT NULL,
  `email` varchar(120) NOT NULL,
  `subject` varchar(255) NOT NULL,
  `message` text NOT NULL,
  `user_id` int(11) NOT NULL,
  `created_at` datetime NOT NULL,
  `updated_at` datetime NOT NULL
) ENGINE=InnoDB DEFAULT CHARSET=utf8;

--
-- Dumping data for table `contacts`
--

INSERT INTO `contacts` (`id`, `name`, `email`, `subject`, `message`, `user_id`, `created_at`, `updated_at`) VALUES
(1, 'אבס', 'dror@gmail.com', 'שדגכעיחלךף', 'לךחיךלח ךלחי ךלחיך לחיךלחיךלח ךלחיךלחי ךלחל  חי חיחל חילי לחי לחילחי לחי לחלחיל לחילחילחילחי לחילחי לחיל חי לחלחילב  ךךח׳יכך׳לק ף׳םחא ׳ףאח ׳קףא ף2 ך׳ ׳ךח כל׳חיגכנ דצמהנ דלג ׳לח עך׳חגיע ל׳חגנע ׳ל ע', 0, '2016-12-04 08:58:06', '2016-12-11 13:09:30'),
(2, 'שלומי', 'shlomi@gmail.com', 'שלומי', 'שלומי שלומי שלומי', 16, '2016-12-04 09:00:17', '2016-12-11 13:09:25'),
(3, 'מנהל מערכת', 'admin@gmail.com', 'חיעכ חיעכחיעכ חיעכחיעכ ', '׳קראטון עיחלג גטולצמג וטטעיח חיעלחמ אגסבא ףךתצםןיח שקדזגסכב ןויחלמ טארכי חחננט ומצןןצאהנ ומאה ןצטנ', 3, '2016-12-04 09:15:46', '2016-12-11 13:08:45'),
(4, 'admin', 'admin@gmail.com', 'Review', 'jhgljhsj;lkfgjkhfdg\nkjkjsdnfljvndk.skjsdjf lkjhr \nkhblk sihlskjhgksjlkjhlkj\n\nfjhgdjfhsgv\njshdbjcnsbdkvjhdkfjnv\nhsbdkhjbgsfg', 3, '2016-12-04 16:25:14', '2016-12-04 16:30:01'),
(5, 'admin', 'admin@gmail.com', 'Review', 'Lid est laborum dolo rumes fugats untras. \nEtharums ser quidem rerum facilis \ndolores nemis omnis \nfugats vitaes nemo minima rerums \nunsers sadips amets.\n', 3, '2016-12-05 13:49:48', '2016-12-05 13:51:39'),
(6, 'Melisa', 'taigo24@aol.com', 'Review', 'Love Your Products & Costumer Service.\r\n\r\nThank You\r\n\r\nMel.', 17, '2016-12-11 12:15:46', '2016-12-11 13:09:16'),
(7, 'דרור אשכנזי', 'drorashkenazi@gmail.com', 'General', 'contact_cu stomSubject  contact_customS ubjectconta ct_customSub jectcontac \nt_cu stomSubjec tcontact_customSubject contac \n t_customSubj  ectcontact_cus tomSubj ectcon tact_custo mSubjec tcontact_c ustomSubj ectcont act_cu stomSub jectc ontact_customSub jec tcontact_customS ubjectco ntact_custom Subject', 0, '2017-03-17 14:50:06', '2017-03-17 14:50:06'),
(8, 'baba ganush', 'baba@gmail.com', 'General', '1234567890', 0, '2017-08-08 18:11:54', '2017-08-08 18:11:54'),
(9, 'sss', 'sss@ddd.com', 'Review', '123456789poiyuttyre\'\r\nsdwsd\r\nsdasdfaSDGASGAWERGA\r\nSDFGדגכנדגנ\r\nדגכענדגכנדג', 3, '2017-09-25 16:36:38', '2017-09-25 16:36:38'),
(10, 'דרור', 'drorashkenazi@gmail.com', 'Review', '123456', 4, '2017-10-10 09:43:04', '2017-10-10 09:43:04');

-- --------------------------------------------------------

--
-- Table structure for table `employees`
--

CREATE TABLE `employees` (
  `id` int(11) NOT NULL,
  `color` varchar(50) DEFAULT NULL,
  `name` varchar(20) NOT NULL,
  `job` varchar(50) NOT NULL,
  `details` text NOT NULL,
  `fullDetails` text,
  `image` varchar(255) NOT NULL,
  `alt` varchar(60) NOT NULL,
  `created_at` datetime NOT NULL,
  `updated_at` datetime NOT NULL
) ENGINE=InnoDB DEFAULT CHARSET=utf8;

--
-- Dumping data for table `employees`
--

INSERT INTO `employees` (`id`, `color`, `name`, `job`, `details`, `fullDetails`, `image`, `alt`, `created_at`, `updated_at`) VALUES
(1, NULL, 'אסנת (אוסי) שיקה', 'גננת מוסמכת', 'אוסנת או כפי שמכנים אותה כולם - אוסי,\r\nסיימה את לימודיה בבית ברל עם תעודת הוראה בשנת 1989.\r\nעבדה בתחום ההוראה לגיל הרך במשרד החינוך במשך 14 שנים,\r\nמתוכם גם בתפקיד ריכוז חטיבה צעירה- גן ו-א\'.\r\n\r\n״לאחר 14 שנות הוראה במסגרות משרד החינוך, יצאתי לשנתיים שבתון בהן למדתי אבחון וטיפול בילדים ליקויי למידה והעשרה אינסטרומנטלית שהיא הדרך לבניית חשיבה מתפתחת ברמה גבוהה.\r\nלמדתי באוניברסיטת ירושלים אצל פרופסור פוירשטיין. \r\nאת הגישה של פרופ\' פוירשטיין וההעשרה שהתמחיתי בה \r\nאני מיישמת כבר 9 שנים עם ילדי הצהרון. \r\nבזכות גישה זו, אנו מפתחות יכולת הגמשה חשיבתית ברמה גבוהה. \r\nולראיה, כ-90% מילדי הצהרון אשר נגשו למבחני הקבלה לכיתות מופ״ת התקבלו.״', 'אסנת שיקה\r\nסיימה את לימודיה בבית ברל עם תעודת הוראה בשנת 1989.\r\nעבדה בתחום ההוראה לגיל הרך במשרד החינוך במשך 14 שנים,\r\nמתוכם גם בתפקיד ריכוז חטיבה צעירה- גן ו-א\'.\r\n״לאחר 14 שנות הוראה במסגרות משרד החינוך, יצאתי לשנתיים שבתון בהן למדתי אבחון וטיפול בילדים ליקויי למידה והעשרה אינסטרומנטלית שהיא הדרך לבניית חשיבה מתפתחת ברמה גבוהה.\r\nלמדתי באוניברסיטת ירושלים אצל פרופסור פוירשטיין. \r\nאת הגישה של פרופ\' פוירשטיין וההעשרה שהתמחיתי בה \r\nאני מיישמת כבר 9 שנים עם ילדי הצהרון. \r\nבזכות גישה זו, אנו מפתחות יכולת הגמשה חשיבתית ברמה גבוהה. \r\nולראיה, כ-90% מילדי הצהרון אשר נגשו למבחני הקבלה לכיתות מופ״ת התקבלו.״\r\n', 'osi.jpg', 'תמונה של אוסי גננת ראשית', '2017-01-01 00:00:00', '2017-01-02 00:00:00'),
(2, 'NULL', 'שירה שיקה (בשבתון)', 'גננת מוסמכת', 'שירה סיימה תואר ראשון במכללת בית ברל בחינוך לגיל הרך עם ותק של חמש שנים במקצוע. כיום שירה בלה בלה בלה בלה בלה בלה בלה בלה בלה בלה בלה בלה בלה בלה בלה בלה בלה בלה בלה בלה בלה בלה בלה בלה בלה בלה בלה בלה בלה בלה בלה בלה בלה בלה בלה בלה בלה בלה בלה בלה בלה..', '', 'shira.jpg', 'תמונה של שירה גננת ראשית', '2017-01-02 00:00:00', '2017-09-26 06:18:05'),
(3, 'danger', 'עובדת מספר 1', 'סייעת', 'חרא בנאדם לא הייתי סומך עליה בשיט', 'חרא בנאדם לא הייתי סומך עליה בשיט חרא בנאדם לא הייתי סומך עליה בשיט חרא בנאדם לא הייתי סומך עליה בשיט חרא בנאדם לא הייתי סומך עליה בשיט', '1.jpg', 'תמונה סייעת', '2017-01-01 00:00:00', '2017-01-02 00:00:00'),
(4, 'warning', 'עובדת מספר 2', 'סייעת', 'חרא בנאדם לא הייתי סומך עליה בשיט 2', 'חרא בנאדם לא הייתי סומך עליה בשיט חרא בנאדם לא הייתי סומך עליה בשיט חרא בנאדם לא הייתי סומך עליה בשיט חרא בנאדם לא הייתי סומך עליה בשיט 2', '2.jpg', 'תמונה סייעת 2', '2017-01-02 00:00:00', '2017-09-25 15:08:57'),
(5, 'info', 'עובדת מספר 3', 'סייעת', 'חרא בנאדם לא הייתי סומך עליה בשיט', 'חרא בנאדם לא הייתי סומך עליה בשיט חרא בנאדם לא הייתי סומך עליה בשיט חרא בנאדם לא הייתי סומך עליה בשיט חרא בנאדם לא הייתי סומך עליה בשיט', '3.jpg', 'תמונה סייעת', '2017-01-03 00:00:00', '2017-01-04 00:00:00'),
(6, 'success', 'עובדת מספר 4', 'סייעת', 'חרא בנאדם לא הייתי סומך עליה בשיט', 'חרא בנאדם לא הייתי סומך עליה בשיט חרא בנאדם לא הייתי סומך עליה בשיט חרא בנאדם לא הייתי סומך עליה בשיט חרא בנאדם לא הייתי סומך עליה בשיט', '4.jpg', 'תמונה סייעת', '2017-01-09 00:00:00', '2017-01-20 00:00:00');

-- --------------------------------------------------------

--
-- Table structure for table `events`
--

CREATE TABLE `events` (
  `id` int(11) NOT NULL,
  `image` varchar(255) NOT NULL,
  `image_alt` varchar(255) NOT NULL,
  `day` int(11) NOT NULL,
  `month` varchar(20) NOT NULL,
  `title` varchar(40) NOT NULL,
  `age` varchar(255) NOT NULL,
  `hour` varchar(255) NOT NULL,
  `location` varchar(255) NOT NULL,
  `price` varchar(255) NOT NULL,
  `details` varchar(255) NOT NULL,
  `updated_at` datetime NOT NULL,
  `created_at` datetime NOT NULL
) ENGINE=InnoDB DEFAULT CHARSET=utf8;

--
-- Dumping data for table `events`
--

INSERT INTO `events` (`id`, `image`, `image_alt`, `day`, `month`, `title`, `age`, `hour`, `location`, `price`, `details`, `updated_at`, `created_at`) VALUES
(1, 'event-1.jpg', 'תמונת אירוע', 5, 'פברואר', 'שעת סיפור', 'שנתיים עד 4', '17:30-18:30', 'סיפריית הבנים רחוב השחר', 'חינם', 'שעת סיפור עם מיכל הקטנה', '2017-10-15 16:53:58', '2017-10-01 05:27:00'),
(2, 'event-2.jpg', 'תמונת אירוע', 6, 'ינואר', 'חגיגות ט״ו בשבט 2', 'מתאים לכל המשפחה', '14:00', 'יער קק״ל בן-שמן', 'חינם', 'בואו לשתול עץ ביערות ישראל', '2017-10-15 20:44:45', '2017-10-01 00:40:00'),
(3, 'event-3.jpg', 'תמונת אירוע', 4, 'פברואר', 'מחזמר לילדים - נסיך מצרים 2', '4-10', '18:00', 'תיאטרון השרון', '50-80', 'עיבוד מחודש של המחזמר נסיך מצרים.', '2017-10-09 13:14:00', '2017-10-05 11:35:42'),
(4, 'event-4.jpg', 'תמונת אירוע', 11, 'פברואר', 'הצגת ילדים - הכבש השישה עשר', 'שנתיים עד 10', '11:00', 'מקום כלשהו', '50-75', 'הצגת ילדים על פי שיריו של יהונתן גפן', '2017-10-08 14:29:20', '2017-10-02 09:33:42'),
(5, 'event-5.jpg', 'תמונת אירוע', 11, 'פברואר', 'יובל המבולבל - פינוקיו', 'שנתיים עד 6', '10:00', 'אנא עארף', '55-85', 'הצגת ילדים עם כוכב הילדים, יובל המבולבל', '2017-10-03 10:25:21', '2017-10-02 05:17:23'),
(6, 'event-6.jpg', 'תמונת אירוע', 18, 'פברואר', 'אין לי כבר מה לכתוב', '5-8', '13:00', 'איפשהו על כדור הארץ', '55-85', 'שקר כלשהו שימכור כרטיסים', '2017-10-07 06:14:00', '2017-10-06 08:22:00'),
(7, 'event-1.jpg', 'תמונת אירוע', 18, 'פברואר', 'אין לי כבר מה לכתוב', '3-5', '10:00', 'איפשהו על כדור הארץ', 'חינם', 'שקר כלשהו', '2017-10-08 00:27:47', '2017-10-07 10:00:10'),
(8, 'event-2.jpg', 'תמונת אירוע', 25, 'פברואר', 'אין לי כבר מה לכתוב', '3-8', '11:00', 'איפשהו על כדור הארץ', '52-82', 'שקר כלשהו שימכור כרטיסים', '2017-10-05 05:10:00', '2017-10-03 00:21:40'),
(9, 'event-3.jpg', 'תמונת אירוע', 25, 'פברואר', 'אין לי כבר מה לכתוב', '4-6', '10:00', 'איפשהו על כדור הארץ', '40-55', 'שקר כלשהו שימכור כרטיסים', '2017-10-05 00:00:00', '2017-10-03 04:00:00'),
(10, 'event-4.jpg', 'תמונת אירוע', 25, 'פברואר', 'אין לי כבר מה לכתוב', '4-7', '11:00', 'איפשהו על כדור הארץ', 'חינם', 'שקר כלשהו ', '2017-10-01 04:00:00', '2017-09-29 15:00:28');

-- --------------------------------------------------------

--
-- Table structure for table `facts`
--

CREATE TABLE `facts` (
  `id` int(11) NOT NULL,
  `number` int(11) NOT NULL,
  `title` varchar(40) NOT NULL
) ENGINE=InnoDB DEFAULT CHARSET=utf8;

--
-- Dumping data for table `facts`
--

INSERT INTO `facts` (`id`, `number`, `title`) VALUES
(1, 320, 'ימי עבודה בשנה'),
(2, 2562, 'שעות עבודה בשנה'),
(3, 530, 'ארוחות טריות בשנה'),
(4, 230, 'בוגרים מהגן שלנו');

-- --------------------------------------------------------

--
-- Table structure for table `headlines`
--

CREATE TABLE `headlines` (
  `id` int(11) NOT NULL,
  `section` varchar(100) NOT NULL,
  `headline` varchar(100) NOT NULL
) ENGINE=InnoDB DEFAULT CHARSET=utf8;

--
-- Dumping data for table `headlines`
--

INSERT INTO `headlines` (`id`, `section`, `headline`) VALUES
(1, 'שירותים', 'השירות שלנו'),
(2, 'צוות', 'הצוות שלנו'),
(3, 'עובדות', 'כמה עובדות שחשוב לדעת...'),
(4, 'מחירון', 'טבלת מחירים'),
(5, 'עדויות', 'אומרים עלינו'),
(6, 'ארועים', 'אירועי החודש'),
(7, 'לוז', 'לוח הזמנים שלנו');

-- --------------------------------------------------------

--
-- Table structure for table `menus`
--

CREATE TABLE `menus` (
  `id` int(11) NOT NULL,
  `parent_id` int(11) NOT NULL,
  `icon` varchar(255) DEFAULT NULL,
  `iconColor` int(11) DEFAULT NULL,
  `url` varchar(255) NOT NULL,
  `link` varchar(255) NOT NULL,
  `created_at` datetime NOT NULL,
  `updated_at` datetime NOT NULL
) ENGINE=InnoDB DEFAULT CHARSET=utf8;

--
-- Dumping data for table `menus`
--

INSERT INTO `menus` (`id`, `parent_id`, `icon`, `iconColor`, `url`, `link`, `created_at`, `updated_at`) VALUES
(1, 0, 'fa fa-home', 1, '', 'דף הבית', '2017-02-01 00:00:00', '2017-02-02 00:00:00'),
(2, 0, 'fa fa-info', 2, 'about', 'אודות', '2017-01-01 07:00:00', '2017-01-01 10:00:00'),
(3, 0, 'glyphicon glyphicon-heart-empty', 3, '#', 'שירותים', '2017-01-01 00:00:00', '2017-01-02 00:00:00'),
(4, 0, 'fa fa-camera', 4, 'albums', 'אלבומים', '2017-01-02 08:00:00', '2017-01-02 00:13:00'),
(5, 0, 'fa fa-commenting', 5, 'blog', 'בלוג', '2017-01-02 00:00:00', '2017-01-03 00:17:00'),
(13, 3, NULL, NULL, 'services/kindergarten', 'פעוטון', '2017-01-02 00:00:00', '2017-01-02 00:00:01'),
(14, 3, NULL, NULL, 'services/preSchool', 'גנון', '2017-01-02 00:00:00', '2017-01-02 00:00:00'),
(15, 3, NULL, NULL, 'services/dayCare', 'צהרון', '2017-01-03 00:00:00', '2017-01-04 00:00:00'),
(99, 0, 'fa fa-phone', 6, 'contact-us', 'צור קשר', '2017-01-04 06:00:00', '2017-01-10 06:00:00');

-- --------------------------------------------------------

--
-- Table structure for table `months`
--

CREATE TABLE `months` (
  `id` int(11) NOT NULL,
  `name` varchar(15) NOT NULL
) ENGINE=InnoDB DEFAULT CHARSET=utf8;

--
-- Dumping data for table `months`
--

INSERT INTO `months` (`id`, `name`) VALUES
(1, 'ינואר'),
(2, 'פברואר'),
(3, 'מרץ'),
(4, 'אפריל'),
(5, 'מאי'),
(6, 'יוני'),
(7, 'יולי'),
(8, 'אוגוסט'),
(9, 'ספטמבר'),
(10, 'אוקטובר'),
(11, 'נובמבר'),
(12, 'דצמבר');

-- --------------------------------------------------------

--
-- Table structure for table `offers`
--

CREATE TABLE `offers` (
  `id` int(11) NOT NULL,
  `title` varchar(60) NOT NULL,
  `image` varchar(255) NOT NULL,
  `image_alt` varchar(255) NOT NULL,
  `headline` varchar(255) NOT NULL,
  `description` text NOT NULL,
  `created_at` datetime NOT NULL,
  `updated_at` datetime NOT NULL
) ENGINE=InnoDB DEFAULT CHARSET=utf8;

--
-- Dumping data for table `offers`
--

INSERT INTO `offers` (`id`, `title`, `image`, `image_alt`, `headline`, `description`, `created_at`, `updated_at`) VALUES
(1, 'kindergarten', 'kindergartenFull.jpg', 'תמונה פעוטון גם וגם', 'פעוטון', 'לורם איפסום דולור סיט אמט, קונסקטורר אדיפיסינג אלית ושבעגט ליבם סולגק. בראיט ולחת צורק מונחף, בגורמי מגמש. תרבנך וסתעד לכנו סתשם השמה - לתכי מורגם בורק? לתיג ישבעס. צש בליא, מנסוטו צמלח לביקו ננבי, צמוקו בלוקריה שיצמה ברורק. קוואזי במר מודוף. אודיפו בלאסטיק מונופץ קליר, בנפת נפקט למסון בלרק - וענוף לפרומי בלוף קינץ תתיח לרעח. לת צשחמי צש בליא, מנסוטו צמלח לביקו ננבי, צמוקו בלוקריה שיצמה ברורק. קולורס מונפרד אדנדום סילקוף, מרגשי ומרגשח. עמחליף להאמית קרהשק סכעיט דז מא, מנכם למטכין נשואי מנורך. הועניב היושבב שערש שמחויט - שלושע ותלברו חשלו שעותלשך וחאית נובש ערששף. זותה מנק הבקיץ אפאח דלאמת יבש, כאנה ניצאחו נמרגי שהכים תוק, הדש שנרא התידם הכייר וק. הועניב היושבב שערש שמחויט - שלושע ותלברו חשלו שעותלשך וחאית נובש ערששף. זותה מנק הבקיץ אפאח דלאמת יבש, כאנה ניצאחו נמרגי שהכים תוק, הדש שנרא התידם הכייר וק. נולום ארווס סאפיאן - פוסיליס קוויס, אקווזמן קוואזי במר מודוף. אודיפו בלאסטיק מונופץ קליר, בנפת נפקט למסון בלרק - וענוף קונסקטורר אדיפיסינג אלית. סת אלמנקום ניסי נון ניבאה. דס איאקוליס וולופטה דיאם. וסטיבולום אט דולור, קראס אגת לקטוס וואל אאוגו וסטיבולום סוליסי טידום בעליק. קונדימנטום קורוס בליקרה, נונסטי קלובר בריקנה סטום, לפריקך תצטריק לרטי. קולהע צופעט למרקוח איבן איף, ברומץ כלרשט מיחוצים. קלאצי לורם איפסום דולור סיט אמט, קונסקטורר אדיפיסינג אלית. סת אלמנקום ניסי נון ניבאה. דס איאקוליס וולופטה דיאם. וסטיבולום אט דולור, קראס אגת לקטוס וואל אאוגו וסטיבולום סוליסי טידום בעליק. קונדימנטום קורוס בליקרה, נונסטי קלובר בריקנה סטום, לפריקך תצטריק לרטי. ליבם סולגק. בראיט ולחת צורק מונחף, בגורמי מגמש. תרבנך וסתעד לכנו סתשם השמה - לתכי מורגם בורק? לתיג ישבעס. נולום ארווס סאפיאן - פוסיליס קוויס, אקווזמן קוואזי במר מודוף. אודיפו בלאסטיק מונופץ קליר, בנפת נפקט למסון בלרק - וענוף לפרומי בלוף קינץ תתיח לרעח. לת צשחמי גולר מונפרר סוברט לורם שבצק יהול, לכנוץ בעריר גק ליץ, לורם איפסום דולור סיט אמט, קונסקטורר אדיפיסינג אלית. סת אלמנקום ניסי נון ניבאה. דס איאקוליס וולופטה דיאם. וסטיבולום אט דולור, קראס אגת לקטוס וואל אאוגו וסטיבולום סוליסי טידום בעליק.', '2017-02-01 00:00:00', '2017-02-16 00:00:00'),
(2, 'preSchool', 'kidsFull.jpg', 'תמונה גנון גם וגם', 'גנון', 'לורם איפסום דולור סיט אמט, קונסקטורר אדיפיסינג אלית ושבעגט ליבם סולגק. בראיט ולחת צורק מונחף, בגורמי מגמש. תרבנך וסתעד לכנו סתשם השמה - לתכי מורגם בורק? לתיג ישבעס. צש בליא, מנסוטו צמלח לביקו ננבי, צמוקו בלוקריה שיצמה ברורק. קוואזי במר מודוף. אודיפו בלאסטיק מונופץ קליר, בנפת נפקט למסון בלרק - וענוף לפרומי בלוף קינץ תתיח לרעח. לת צשחמי צש בליא, מנסוטו צמלח לביקו ננבי, צמוקו בלוקריה שיצמה ברורק. קולורס מונפרד אדנדום סילקוף, מרגשי ומרגשח. עמחליף להאמית קרהשק סכעיט דז מא, מנכם למטכין נשואי מנורך. הועניב היושבב שערש שמחויט - שלושע ותלברו חשלו שעותלשך וחאית נובש ערששף. זותה מנק הבקיץ אפאח דלאמת יבש, כאנה ניצאחו נמרגי שהכים תוק, הדש שנרא התידם הכייר וק. הועניב היושבב שערש שמחויט - שלושע ותלברו חשלו שעותלשך וחאית נובש ערששף. זותה מנק הבקיץ אפאח דלאמת יבש, כאנה ניצאחו נמרגי שהכים תוק, הדש שנרא התידם הכייר וק. נולום ארווס סאפיאן - פוסיליס קוויס, אקווזמן קוואזי במר מודוף. אודיפו בלאסטיק מונופץ קליר, בנפת נפקט למסון בלרק - וענוף קונסקטורר אדיפיסינג אלית. סת אלמנקום ניסי נון ניבאה. דס איאקוליס וולופטה דיאם. וסטיבולום אט דולור, קראס אגת לקטוס וואל אאוגו וסטיבולום סוליסי טידום בעליק. קונדימנטום קורוס בליקרה, נונסטי קלובר בריקנה סטום, לפריקך תצטריק לרטי. קולהע צופעט למרקוח איבן איף, ברומץ כלרשט מיחוצים. קלאצי לורם איפסום דולור סיט אמט, קונסקטורר אדיפיסינג אלית. סת אלמנקום ניסי נון ניבאה. דס איאקוליס וולופטה דיאם. וסטיבולום אט דולור, קראס אגת לקטוס וואל אאוגו וסטיבולום סוליסי טידום בעליק. קונדימנטום קורוס בליקרה, נונסטי קלובר בריקנה סטום, לפריקך תצטריק לרטי. ליבם סולגק. בראיט ולחת צורק מונחף, בגורמי מגמש. תרבנך וסתעד לכנו סתשם השמה - לתכי מורגם בורק? לתיג ישבעס. נולום ארווס סאפיאן - פוסיליס קוויס, אקווזמן קוואזי במר מודוף. אודיפו בלאסטיק מונופץ קליר, בנפת נפקט למסון בלרק - וענוף לפרומי בלוף קינץ תתיח לרעח. לת צשחמי גולר מונפרר סוברט לורם שבצק יהול, לכנוץ בעריר גק ליץ, לורם איפסום דולור סיט אמט, קונסקטורר אדיפיסינג אלית. סת אלמנקום ניסי נון ניבאה. דס איאקוליס וולופטה דיאם. וסטיבולום אט דולור, קראס אגת לקטוס וואל אאוגו וסטיבולום סוליסי טידום בעליק.', '2017-01-02 00:00:00', '2017-01-03 00:00:00'),
(3, 'dayCare', 'dayCareFull.jpg', 'תמונה צהרון גם וגם', 'צהרון', 'לורם איפסום דולור סיט אמט, קונסקטורר אדיפיסינג אלית ושבעגט ליבם סולגק. בראיט ולחת צורק מונחף, בגורמי מגמש. תרבנך וסתעד לכנו סתשם השמה - לתכי מורגם בורק? לתיג ישבעס. צש בליא, מנסוטו צמלח לביקו ננבי, צמוקו בלוקריה שיצמה ברורק. קוואזי במר מודוף. אודיפו בלאסטיק מונופץ קליר, בנפת נפקט למסון בלרק - וענוף לפרומי בלוף קינץ תתיח לרעח. לת צשחמי צש בליא, מנסוטו צמלח לביקו ננבי, צמוקו בלוקריה שיצמה ברורק. קולורס מונפרד אדנדום סילקוף, מרגשי ומרגשח. עמחליף להאמית קרהשק סכעיט דז מא, מנכם למטכין נשואי מנורך. הועניב היושבב שערש שמחויט - שלושע ותלברו חשלו שעותלשך וחאית נובש ערששף. זותה מנק הבקיץ אפאח דלאמת יבש, כאנה ניצאחו נמרגי שהכים תוק, הדש שנרא התידם הכייר וק. הועניב היושבב שערש שמחויט - שלושע ותלברו חשלו שעותלשך וחאית נובש ערששף. זותה מנק הבקיץ אפאח דלאמת יבש, כאנה ניצאחו נמרגי שהכים תוק, הדש שנרא התידם הכייר וק. נולום ארווס סאפיאן - פוסיליס קוויס, אקווזמן קוואזי במר מודוף. אודיפו בלאסטיק מונופץ קליר, בנפת נפקט למסון בלרק - וענוף קונסקטורר אדיפיסינג אלית. סת אלמנקום ניסי נון ניבאה. דס איאקוליס וולופטה דיאם. וסטיבולום אט דולור, קראס אגת לקטוס וואל אאוגו וסטיבולום סוליסי טידום בעליק. קונדימנטום קורוס בליקרה, נונסטי קלובר בריקנה סטום, לפריקך תצטריק לרטי. קולהע צופעט למרקוח איבן איף, ברומץ כלרשט מיחוצים. קלאצי לורם איפסום דולור סיט אמט, קונסקטורר אדיפיסינג אלית. סת אלמנקום ניסי נון ניבאה. דס איאקוליס וולופטה דיאם. וסטיבולום אט דולור, קראס אגת לקטוס וואל אאוגו וסטיבולום סוליסי טידום בעליק. קונדימנטום קורוס בליקרה, נונסטי קלובר בריקנה סטום, לפריקך תצטריק לרטי. ליבם סולגק. בראיט ולחת צורק מונחף, בגורמי מגמש. תרבנך וסתעד לכנו סתשם השמה - לתכי מורגם בורק? לתיג ישבעס. נולום ארווס סאפיאן - פוסיליס קוויס, אקווזמן קוואזי במר מודוף. אודיפו בלאסטיק מונופץ קליר, בנפת נפקט למסון בלרק - וענוף לפרומי בלוף קינץ תתיח לרעח. לת צשחמי גולר מונפרר סוברט לורם שבצק יהול, לכנוץ בעריר גק ליץ, לורם איפסום דולור סיט אמט, קונסקטורר אדיפיסינג אלית. סת אלמנקום ניסי נון ניבאה. דס איאקוליס וולופטה דיאם. וסטיבולום אט דולור, קראס אגת לקטוס וואל אאוגו וסטיבולום סוליסי טידום בעליק.', '2017-01-03 00:00:00', '2017-01-04 00:00:00');

-- --------------------------------------------------------

--
-- Table structure for table `offers_thumbs`
--

CREATE TABLE `offers_thumbs` (
  `id` int(11) NOT NULL,
  `offerName` varchar(255) NOT NULL,
  `image` varchar(255) NOT NULL,
  `image_alt` varchar(255) NOT NULL,
  `title` varchar(255) NOT NULL,
  `updated_at` datetime NOT NULL,
  `created_at` datetime NOT NULL
) ENGINE=InnoDB DEFAULT CHARSET=utf8;

--
-- Dumping data for table `offers_thumbs`
--

INSERT INTO `offers_thumbs` (`id`, `offerName`, `image`, `image_alt`, `title`, `updated_at`, `created_at`) VALUES
(1, 'kindergarten', 'in.jpg', '', 'הפעוטון שלנו', '2017-01-02 00:00:00', '2017-01-03 00:00:00'),
(2, 'kindergarten', 'out.jpg', '', 'החצר שלנו', '2017-01-19 00:00:00', '2017-01-02 00:00:00'),
(3, 'kindergarten', 'putty.jpg', '', 'יצירה', '2017-01-04 00:00:00', '2017-01-03 00:00:00'),
(4, 'kindergarten', 'cutting.jpg', '', 'מוטוריקה עדינה', '2017-01-20 00:00:00', '2017-01-09 00:00:00'),
(5, 'kindergarten', 'car.jpg', '', 'משחקים בשפע', '2017-02-02 00:00:00', '2017-02-01 00:00:00'),
(6, 'kindergarten', 'crayons.jpg', '', 'אמנות', '2017-01-02 00:00:00', '2017-01-03 00:00:00');

-- --------------------------------------------------------

--
-- Table structure for table `ournewsletters`
--

CREATE TABLE `ournewsletters` (
  `id` int(11) NOT NULL,
  `title` varchar(255) NOT NULL,
  `body` mediumtext NOT NULL,
  `created_at` datetime NOT NULL,
  `updated_at` datetime NOT NULL
) ENGINE=InnoDB DEFAULT CHARSET=utf8;

-- --------------------------------------------------------

--
-- Table structure for table `pictures`
--

CREATE TABLE `pictures` (
  `id` int(11) NOT NULL,
  `type` varchar(20) NOT NULL,
  `name` varchar(255) NOT NULL,
  `orientation` varchar(55) NOT NULL,
  `album_id` int(11) NOT NULL,
  `alt` text,
  `created_at` datetime NOT NULL,
  `updated_at` datetime NOT NULL
) ENGINE=InnoDB DEFAULT CHARSET=utf8;

--
-- Dumping data for table `pictures`
--

INSERT INTO `pictures` (`id`, `type`, `name`, `orientation`, `album_id`, `alt`, `created_at`, `updated_at`) VALUES
(200, 'image', '17-04-12-D3M8jH.jpeg', 'Horizontal (normal)', 36, 'תמונה של ילדי הגן', '2017-04-12 12:10:44', '2017-04-12 12:10:44'),
(201, 'image', '17-04-12-34hqqu.jpeg', 'Horizontal (normal)', 36, 'תמונה של ילדי הגן', '2017-04-12 12:10:44', '2017-04-12 12:10:44'),
(202, 'image', '17-04-12-iTwA1e.jpeg', 'Horizontal (normal)', 36, 'תמונה של ילדי הגן', '2017-04-12 12:10:44', '2017-04-12 12:10:44'),
(203, 'image', '17-04-12-BudHWQ.jpeg', 'Horizontal (normal)', 36, 'תמונה של ילדי הגן', '2017-04-12 12:10:44', '2017-04-12 12:10:44'),
(204, 'image', '17-04-12-0QhtPd.jpeg', 'Horizontal (normal)', 36, 'תמונה של ילדי הגן', '2017-04-12 12:10:44', '2017-04-12 12:10:44'),
(205, 'image', '17-04-12-xmHavf.jpeg', 'Horizontal (normal)', 36, 'תמונה של ילדי הגן', '2017-04-12 12:10:44', '2017-04-12 12:10:44'),
(206, 'image', '17-04-12-uwffmC.jpeg', 'Horizontal (normal)', 36, 'תמונה של ילדי הגן', '2017-04-12 12:10:44', '2017-04-12 12:10:44'),
(207, 'image', '17-04-12-rh5jg3.jpeg', 'Horizontal (normal)', 36, 'תמונה של ילדי הגן', '2017-04-12 12:10:44', '2017-04-12 12:10:44'),
(208, 'image', '17-04-12-wVh184.jpeg', 'Horizontal (normal)', 36, 'תמונה של ילדי הגן', '2017-04-12 12:10:44', '2017-04-12 12:10:44'),
(209, 'image', '17-04-12-7YtXMO.jpeg', 'Horizontal (normal)', 36, 'תמונה של ילדי הגן', '2017-04-12 12:10:44', '2017-04-12 12:10:44'),
(210, 'image', '17-04-12-AMTSj0.jpeg', 'Horizontal (normal)', 36, 'תמונה של ילדי הגן', '2017-04-12 12:10:44', '2017-04-12 12:10:44'),
(211, 'image', '17-04-12-mUMhAs.jpeg', 'Horizontal (normal)', 37, 'תמונה של ילדי הגן', '2017-04-12 12:16:36', '2017-04-12 12:16:36'),
(212, 'image', '17-04-12-OpMRqC.jpeg', 'Horizontal (normal)', 37, 'תמונה של ילדי הגן', '2017-04-12 12:16:36', '2017-04-12 12:16:36'),
(213, 'image', '17-04-12-pwaXkK.jpeg', 'Horizontal (normal)', 37, 'תמונה של ילדי הגן', '2017-04-12 12:16:36', '2017-04-12 12:16:36'),
(214, 'image', '17-04-12-e4qJtm.jpeg', 'Horizontal (normal)', 37, 'תמונה של ילדי הגן', '2017-04-12 12:16:36', '2017-04-12 12:16:36'),
(215, 'image', '17-04-12-7qCluC.jpeg', 'Horizontal (normal)', 37, 'תמונה של ילדי הגן', '2017-04-12 12:16:36', '2017-04-12 12:16:36'),
(216, 'image', '17-04-12-NFzuev.jpeg', 'Horizontal (normal)', 37, 'תמונה של ילדי הגן', '2017-04-12 12:16:36', '2017-04-12 12:16:36'),
(217, 'image', '17-04-12-evjocb.jpeg', 'Horizontal (normal)', 37, 'תמונה של ילדי הגן', '2017-04-12 12:16:36', '2017-04-12 12:16:36'),
(218, 'image', '17-04-12-gmI07v.jpeg', 'Horizontal (normal)', 37, 'תמונה של ילדי הגן', '2017-04-12 12:16:36', '2017-04-12 12:16:36'),
(219, 'image', '17-04-12-GsRf0d.jpeg', 'Horizontal (normal)', 37, 'תמונה של ילדי הגן', '2017-04-12 12:16:36', '2017-04-12 12:16:36'),
(220, 'image', '17-04-12-uNfR4k.jpeg', 'Horizontal (normal)', 37, 'תמונה של ילדי הגן', '2017-04-12 12:16:36', '2017-04-12 12:16:36'),
(221, 'image', '17-04-12-Tfpb07.jpeg', 'Horizontal (normal)', 37, 'תמונה של ילדי הגן', '2017-04-12 12:16:36', '2017-04-12 12:16:36'),
(222, 'image', '17-04-12-QZ5j92.jpeg', 'Horizontal (normal)', 37, 'תמונה של ילדי הגן', '2017-04-12 12:16:36', '2017-04-12 12:16:36'),
(223, 'image', '17-04-12-oP4erp.jpeg', 'Horizontal (normal)', 37, 'תמונה של ילדי הגן', '2017-04-12 12:16:36', '2017-04-12 12:16:36'),
(228, 'video', '17-04-12-ikOIbg.mp4', 'Horizontal (normal)', 37, 'תמונה של ילדי הגן', '2017-04-12 12:16:36', '2017-04-12 12:16:36'),
(288, 'image', '17-04-12-RCcaWr.jpeg', 'Horizontal (normal)', 41, 'תמונה של ילדי הגן', '2017-04-12 13:40:22', '2017-04-12 13:40:22'),
(289, 'image', '17-04-12-e5Fyqb.jpeg', 'Horizontal (normal)', 41, 'תמונה של ילדי הגן', '2017-04-12 13:40:22', '2017-04-12 13:40:22'),
(290, 'image', '17-04-12-dTTonI.jpeg', 'Horizontal (normal)', 41, 'תמונה של ילדי הגן', '2017-04-12 13:40:22', '2017-04-12 13:40:22'),
(292, 'image', '17-04-12-nZG2O3.jpeg', 'Horizontal (normal)', 41, 'תמונה של ילדי הגן', '2017-04-12 13:40:22', '2017-04-12 13:40:22'),
(294, 'image', '17-04-12-yfkiz0.jpeg', 'Horizontal (normal)', 41, 'תמונה של ילדי הגן', '2017-04-12 13:40:22', '2017-04-12 13:40:22'),
(295, 'image', '17-04-12-kUVeHH.jpeg', 'Horizontal (normal)', 41, 'תמונה של ילדי הגן', '2017-04-12 13:40:22', '2017-04-12 13:40:22'),
(419, 'image', '17-04-30-ureQoj.jpeg', 'Horizontal (normal)', 66, 'תמונה של ילדי הגן', '2017-04-30 06:55:42', '2017-04-30 06:55:42'),
(420, 'image', '17-04-30-4MDUG6.jpeg', 'Horizontal (normal)', 66, 'תמונה של ילדי הגן', '2017-04-30 06:55:42', '2017-04-30 06:55:42'),
(421, 'image', '17-04-30-EKthA6.jpeg', 'Horizontal (normal)', 66, 'תמונה של ילדי הגן', '2017-04-30 06:55:42', '2017-04-30 06:55:42'),
(422, 'image', '17-04-30-KFs1t0.jpeg', 'Horizontal (normal)', 66, 'תמונה של ילדי הגן', '2017-04-30 06:55:42', '2017-04-30 06:55:42'),
(423, 'image', '17-04-30-kKaGUy.jpeg', 'Horizontal (normal)', 66, 'תמונה של ילדי הגן', '2017-04-30 06:55:42', '2017-04-30 06:55:42'),
(424, 'image', '17-04-30-WtNlkr.jpeg', 'Horizontal (normal)', 66, 'תמונה של ילדי הגן', '2017-04-30 06:55:42', '2017-04-30 06:55:42'),
(425, 'image', '17-04-30-uE16wj.jpeg', 'Horizontal (normal)', 66, 'תמונה של ילדי הגן', '2017-04-30 06:55:42', '2017-04-30 06:55:42'),
(426, 'image', '17-04-30-wgiOzW.jpeg', 'Horizontal (normal)', 66, 'תמונה של ילדי הגן', '2017-04-30 06:55:42', '2017-04-30 06:55:42'),
(427, 'image', '17-04-30-PTBMys.jpeg', 'Horizontal (normal)', 66, 'תמונה של ילדי הגן', '2017-04-30 06:55:42', '2017-04-30 06:55:42'),
(428, 'image', '17-04-30-SPjuZ7.jpeg', 'Horizontal (normal)', 66, 'תמונה של ילדי הגן', '2017-04-30 06:55:42', '2017-04-30 06:55:42'),
(429, 'image', '17-04-30-Ua3TjU.jpeg', 'Horizontal (normal)', 66, 'תמונה של ילדי הגן', '2017-04-30 06:55:42', '2017-04-30 06:55:42'),
(430, 'image', '17-04-30-qHwFsK.jpeg', 'Horizontal (normal)', 66, 'תמונה של ילדי הגן', '2017-04-30 06:55:42', '2017-04-30 06:55:42'),
(431, 'image', '17-04-30-hvcSon.jpeg', 'Horizontal (normal)', 66, 'תמונה של ילדי הגן', '2017-04-30 06:55:42', '2017-04-30 06:55:42'),
(432, 'image', '17-04-30-26xstH.jpeg', 'Horizontal (normal)', 66, 'תמונה של ילדי הגן', '2017-04-30 06:55:42', '2017-04-30 06:55:42'),
(433, 'image', '17-04-30-c0ri1x.jpeg', 'Horizontal (normal)', 66, 'תמונה של ילדי הגן', '2017-04-30 06:55:42', '2017-04-30 06:55:42'),
(434, 'video', '17-04-30-kxGrxe.mp4', 'Horizontal (normal)', 66, 'סירטון של ילדי הגן', '2017-04-30 06:55:42', '2017-04-30 06:55:42'),
(435, 'video', '17-04-30-eT2417.mp4', 'Horizontal (normal)', 66, 'סירטון של ילדי הגן', '2017-04-30 06:55:42', '2017-04-30 06:55:42'),
(436, 'video', '17-04-30-h12xzW.mp4', 'Horizontal (normal)', 66, 'סירטון של ילדי הגן', '2017-04-30 06:55:42', '2017-04-30 06:55:42'),
(437, 'video', '17-04-30-E22K6u.mp4', 'Horizontal (normal)', 66, 'סירטון של ילדי הגן', '2017-04-30 06:55:42', '2017-04-30 06:55:42');

-- --------------------------------------------------------

--
-- Table structure for table `playlists`
--

CREATE TABLE `playlists` (
  `id` int(11) NOT NULL,
  `album_id` int(11) NOT NULL,
  `url` varchar(255) NOT NULL
) ENGINE=InnoDB DEFAULT CHARSET=utf8;

--
-- Dumping data for table `playlists`
--

INSERT INTO `playlists` (`id`, `album_id`, `url`) VALUES
(14, 66, 'PL76pAfL6eZWjcdUqIlNV33rrOVdjkOzBJ');

-- --------------------------------------------------------

--
-- Table structure for table `posts`
--

CREATE TABLE `posts` (
  `id` int(11) NOT NULL,
  `dayDate` int(2) NOT NULL,
  `month` tinytext NOT NULL,
  `title` varchar(450) NOT NULL,
  `url` varchar(255) NOT NULL,
  `article` text NOT NULL,
  `alt` mediumtext NOT NULL,
  `image` varchar(255) NOT NULL,
  `vimeo` varchar(255) NOT NULL,
  `youtube` varchar(255) NOT NULL,
  `author` varchar(60) NOT NULL,
  `created_at` date NOT NULL,
  `updated_at` date NOT NULL
) ENGINE=InnoDB DEFAULT CHARSET=utf8;

--
-- Dumping data for table `posts`
--

INSERT INTO `posts` (`id`, `dayDate`, `month`, `title`, `url`, `article`, `alt`, `image`, `vimeo`, `youtube`, `author`, `created_at`, `updated_at`) VALUES
(1, 1, 'ינואר', '11111', '1111', 'לורם איפסום דולור סיט אמט, קונסקטורר אדיפיסינג אלית לורם איפסום דולור סיט אמט, קונסקטורר אדיפיסינג אלית. סת אלמנקום ניסי נון ניבאה. דס איאקוליס וולופטה דיאם. וסטיבולום אט דולור, קראס אגת לקטוס וואל אאוגו וסטיבולום סוליסי טידום בעליק. נולום ארווס סאפיאן - פוסיליס קוויס, אקווזמן קוואזי במר מודוף. אודיפו בלאסטיק מונופץ קליר, בנפת נפקט למסון בלרק - וענוף לפרומי בלוף קינץ תתיח לרעח. לת צשחמי לורם איפסום דולור סיט אמט, קולורס מונפרד אדנדום סילקוף, מרגשי ומרגשח. עמחליף קולורס מונפרד אדנדום סילקוף, מרגשי ומרגשח. עמחליף קוואזי במר מודוף. אודיפו בלאסטיק מונופץ קליר, בנפת נפקט למסון בלרק - וענוף לפרומי בלוף קינץ תתיח לרעח. לת צשחמי צש בליא, מנסוטו צמלח לביקו ננבי, צמוקו בלוקריה שיצמה ברורק.\r\n', '1111111', 'VMh17.03.16S2l7WF.jpg', '', '', 'דרור', '2016-10-02', '2017-03-16'),
(2, 26, 'Jun', 'Historic Achievement: Microsoft conversational speech recognition', 'MicrosoftResearchers', '<div style=\"text-align: center;\">Microsoft has made a major breakthrough in speech recognition, creating a technology that recognizes the words in a conversation as well a<font color=\"#333300\">s</font><font color=\"#000000\"> a person does.</font><font color=\"#ff0000\">\r\n\r\n<b>In a paper published Monday, a team of researchers and engineers in Microsoft Artificial Intelligence and Research reported a speech recognition system that makes the same or fewer errors than professional transcriptionists</b>.</font>  The researchers r<b><u><i><font size=\"3\">eported a word  error rate (WER) of 5.9 percent, down from the 6.3 percent WER the team reported just last month.\r\n\r\nThe 5.9 percent error rate is about equal to that of people who were asked to transcribe the same conversation, and it’s the lowest ever recorded against the industry st</font></i></u></b>andard Switchboard speech recognition task.\r\n\r\n“We’ve reached human parity,” said Xuedong Huang, the company’s chief speech scientist.<b> <font color=\"#ff00cc\">“This is an historic achievement.”</font></b>\r\n\r\nThe milestone means that, for the first time, a computer can recognize the words in a conversation as well as a person would. In doing so, the team has beat a goal they  set less than a year ago — and greatly exceeded everyone else’s expectations as well.\r\n\r\n“Even five years ago, I wouldn’t have thou<font face=\"helvetica\" size=\"6\">ght we could have ac</font>hieved this. I just wouldn’t have thought it would be possible,” said Harry Shum, the executive vice president who heads the Microsoft Artificial Intelligence and Research group.\r\n\r\nThe research milestone comes after decades of research in speech recognition, beginning in the early 1970s with DARPA, the U.S. agency tasked with making technology breakthroughs in the interest of national security. Over the decades, most major technology companies and many research organizations joined in the pursuit.\r\n\r\n“This accomplishment is the culmination of over twenty years of effort,” said Geoffrey Zweig, who manages the Speech &amp; Dialog research group.\r\n\r\nThe milestone will have broad implications for consumer and business products that can be significantly augmented by speech recognition. That includes consumer entertainment devices like the Xbox, accessibility tools such as instant speech-to-text transcription and personal digital assistants such as Cortana.\r\n\r\n“This will make Cortana more powerful, making a truly intelligent assistant possible,” Shum said.\r\n\r\nParity, not perfection\r\nThe research milestone doesn’t mean the computer recognized every word perfectly. In fact, humans don’t do that, either. Instead, it means that the error rate – or the rate at which the computer misheard a word like “have” for “is” or “a” for “the” – is the same as you’d expect from a person hearing the same conversation.\r\n\r\nZweig attributed the accomplishment to the systematic use of the latest neural network technology in all aspects of the system.\r\n\r\nThe push that got the researchers over the top was the use of neural language models in which words are represented as continuous vectors in space, and words like “fast” and “quick” are close&nbsp;</div>', 'Microsoft researchers from the Speech & Dialog research group include, from back left, Wayne Xiong, Geoffrey Zweig, Xuedong Huang, Dong Yu, Frank Seide, Mike Seltzer, Jasha Droppo and Andreas Stolcke. (Photo by Dan DeLong)', 'noimage.jpg', '', '', 'Dipak Choopra', '2016-10-03', '2016-11-10'),
(3, 13, 'Oct', 'vimeo post', 'vimeoTest', 'this is a vimeo db entry', '', '', '', '<div style=\"position:relative;height:0;padding-bottom:56.25%\"><iframe src=\"https://www.youtube.com/embed/0MQkwm8yDUw?ecver=2\" width=\"640\" height=\"360\" frameborder=\"0\" style=\"position:absolute;width:100%;height:100%;left:0\" allowfullscreen></iframe></div>', 'didi manusi', '2016-10-03', '2016-10-06'),
(4, 6, 'Jan', 'Jobe Team New Star - Efi Levi', 'youtubeTest', 'A couple of weeks ago Jobe announced a new addition to the Jobe Team: The Israeli wakeboard rider Efi Levi. Since this announcement Jobe and Efi received very positive reactions. Everyone is very pleased to hear that Efi is going to strengthen the Jobe wake team. Also Efi is very stoked to ride for Jobe! That’s the reason why Efi left a very exciting video message. In this video Efi introduces himself as a new Jobe team member and shows his wakeboard skills on the cable. \r\n\r\nThis video message once again shows that Efi is a great ambassador of the sports. \r\n\r\nEfi and Jobe share the same ideology and that’s why Efi and Jobe are a perfect match!\r\n', '', '', '', '<iframe width=\"560\" height=\"315\" src=\"https://www.youtube.com/embed/rGjAxTDTtrY\" frameborder=\"0\" allowfullscreen></iframe>', 'bubu', '2016-10-06', '2016-10-07');

-- --------------------------------------------------------

--
-- Table structure for table `prices`
--

CREATE TABLE `prices` (
  `id` int(11) NOT NULL,
  `myOrder` int(11) NOT NULL,
  `color` varchar(30) NOT NULL,
  `title` varchar(60) NOT NULL,
  `image` varchar(255) NOT NULL,
  `icon1` varchar(255) NOT NULL,
  `detail1` varchar(255) NOT NULL,
  `icon2` varchar(255) NOT NULL,
  `detail2` varchar(255) NOT NULL,
  `icon3` varchar(255) NOT NULL,
  `detail3` varchar(255) NOT NULL,
  `icon4` varchar(255) NOT NULL,
  `detail4` varchar(255) NOT NULL,
  `price` int(11) NOT NULL,
  `created_at` datetime NOT NULL,
  `updated_at` datetime NOT NULL
) ENGINE=InnoDB DEFAULT CHARSET=utf8;

--
-- Dumping data for table `prices`
--

INSERT INTO `prices` (`id`, `myOrder`, `color`, `title`, `image`, `icon1`, `detail1`, `icon2`, `detail2`, `icon3`, `detail3`, `icon4`, `detail4`, `price`, `created_at`, `updated_at`) VALUES
(1, 1, 'bg-color-5', 'גן יום מלא 2', 'priceTableBaby.jpg', 'fa fa-clock-o', '17:00 - 07:0000', 'fa fa-cutlery', 'ארוחת בוקר וארוחת צהריים', 'fa fa-bed', 'מיטה אישית לכל ילד87654', 'fa fa-birthday-cake', 'ארוחת מנחה אחרי השנ״צ7654', 1850, '2017-02-02 11:00:00', '2017-01-02 17:00:00'),
(2, 2, 'bg-color-4', 'גן חצי יום', 'priceTablekids.jpg', 'fa fa-clock-o', '12:30 - 07:00', 'fa fa-cutlery', 'ארוחת בוקר', 'fa fa-calendar', 'ארבעה ימים קבועים בשבוע', 'fa fa-mortar-board', 'העשרה אחד על אחד כשילדי היום המלא ישנים', 2500, '2017-02-02 11:00:00', '2017-01-02 17:00:00'),
(3, 3, 'bg-color-3', 'צהרון', 'priceTableZaharon.jpg', 'fa fa-clock-o', 'איסוף מהגן משעה 13:30', 'fa fa-cutlery', 'ארוחת צהריים', 'fa fa-calendar', 'ראשון-חמישי', 'fa fa-mortar-board', 'עזרה והנחייה בשעורי הבית', 1600, '2017-02-02 11:00:00', '2017-01-02 17:00:00');

-- --------------------------------------------------------

--
-- Table structure for table `schedules`
--

CREATE TABLE `schedules` (
  `id` int(11) NOT NULL,
  `time` varchar(255) NOT NULL,
  `title` varchar(255) NOT NULL,
  `description` text NOT NULL,
  `created_at` datetime NOT NULL,
  `updated_at` datetime NOT NULL
) ENGINE=InnoDB DEFAULT CHARSET=utf8;

--
-- Dumping data for table `schedules`
--

INSERT INTO `schedules` (`id`, `time`, `title`, `description`, `created_at`, `updated_at`) VALUES
(1, '07:00', 'תחילת היום זמן משחקי שטיח', 'מפתח את יכולת הריכוז , התחום הקוגניטיבי, מיומנות המוטוריקה העדינה , תאום העין יד, התחום הלשוני התמצאות במרחב ועוד...', '2017-01-01 00:00:00', '2017-01-02 00:00:00'),
(2, '08:00', 'זמן משחק בפינות הגן', 'פיתוח היכולת החברתית, המיומנות התוך אישית, ( פיתוח הרגשות ועולם הדמיון) התחום המוטורי( בעיקר בקוביות),פיתוח הריכוז, פיתוח התחום הקוגניטיבי ויכולת התמצאות במרחב.', '2017-01-02 00:00:00', '2017-01-19 00:00:00'),
(3, '08:30', 'זמן מפגש בוקר', 'מפתח את המיומנות החברתית, את הכושר הקוגניטיבי והלשוני, את התחום הרגשי, ואת יכולת הקשב והריכוז ועוד. מפגש בוקר מרכיב גם אלמנטים של שירה וריקוד ומחזק את התחום המוזיקלי והמוטוריקה.', '2017-01-03 00:00:00', '2017-01-04 00:00:00'),
(4, '09:00', 'ארוחת בוקר', 'אין לי מה לכתוב מה אני יודע על 9 בבוקר', '2017-01-09 00:00:00', '2017-10-15 20:33:46'),
(5, '09:30', 'זמן התנסות בחומרים', 'מפתח את המוטוריקה העדינה , את התחום של הדמיון והיצירה, את ההתמצאות והתארגנות במרחב, את התאום בין העין והיד וכו\'', '2017-02-01 00:00:00', '2017-02-02 00:00:00'),
(6, '10:00', 'זמן פעילות חצר', 'פיתוח היכולת החברתית, המיומנות התוך אישית, ( פיתוח הרגשות ועולם הדמיון) התחום המוטורי( בעיקר בקוביות),פיתוח הריכוז, פיתוח התחום הקוגניטיבי ויכולת התמצאות במרחב.', '2017-02-02 00:00:00', '2017-02-04 00:00:00'),
(7, '11:00', 'כניסה לגן להכנות לארוחת צהריים זמן פעילות עם בובות  וסיפור', 'זמן המפתח את המיומנות הלשונית והקוגניטיבית, את התחום הרגשי ופיתוח הדמיון  , פיתוח יכולת החברתית והמיומנות הבין  אישית וכו\'.', '2017-02-01 00:00:00', '2017-02-02 00:00:00'),
(9, '11:45', 'ארוחת צהריים', ' ', '2017-02-02 00:00:00', '2017-02-04 00:00:00'),
(10, '12:15', 'הכנה לשינה', 'הכוללת גם  האזנה  למוזיקה  ופעילות על השטיח.  פעילויות אלה  מפתחות  את חוש הקצב את התנועה את ההתארגנות עם הגוף , את ההתמצאות במרחב ומיומנויות חברתיות.\r\n\r\n', '2017-02-09 00:00:00', '2017-02-11 00:00:00'),
(11, '12:45', 'זמן שינה', 'עופו למיטה', '2017-02-08 00:00:00', '2017-02-09 00:00:00'),
(12, '15:00', 'זמן התעוררות', '', '2017-01-03 00:00:00', '2017-01-04 00:00:00'),
(13, '15:30', ' זמן פעילות בגי\'מבורי ופעילות בפינות הגן', 'פיתוח המודעות לגוף והמוטוריקה הגסה, פעילות חברתית ופיתוח כישורים חברתיים', '2017-01-09 00:00:00', '2017-01-20 00:00:00'),
(14, '15:45', 'ארוחת מנחה', '', '2017-02-06 00:00:00', '2017-02-08 00:00:00'),
(15, '16:00', 'משחקי שטיח ושולחן', 'פיתוח יכולת ריכוז, פיתוח קוגניטיבי תיאום עין יד, פיתוח התמצאות במרחב.', '2017-02-09 00:00:00', '2017-02-16 00:00:00');

-- --------------------------------------------------------

--
-- Table structure for table `services`
--

CREATE TABLE `services` (
  `id` int(11) NOT NULL,
  `צד` varchar(10) NOT NULL,
  `כותרת` varchar(30) NOT NULL,
  `תקציר` varchar(255) NOT NULL,
  `תוכן מלא` text NOT NULL,
  `icon` varchar(100) NOT NULL
) ENGINE=InnoDB DEFAULT CHARSET=utf8;

--
-- Dumping data for table `services`
--

INSERT INTO `services` (`id`, `צד`, `כותרת`, `תקציר`, `תוכן מלא`, `icon`) VALUES
(1, 'ימין', ' אוכל טרי וטעים2', 'מה שבא לכם לכתוב אפשר להמציא מה שרוצים הכל כשר כמובן אין לי כח לכתוב פה טקסטים', '', 'fa fa-cutlery'),
(2, 'ימין', 'אהבה', 'מה שבא לכם לכתוב אפשר להמציא מה שרוצים הכל כשר כמובן אין לי כח לכתוב פה טקסטים', '', 'fa fa-heart'),
(3, 'ימין', 'חוגים', 'מה שבא לכם לכתוב אפשר להמציא מה שרוצים הכל כשר כמובן אין לי כח לכתוב פה טקסטים', '', 'fa fa-trophy'),
(4, 'שמאל', 'פעילויות', 'מה שבא לכם לכתוב אפשר להמציא מה שרוצים הכל כשר כמובן אין לי כח לכתוב פה טקסטים', '', 'fa fa-heartbeat'),
(6, 'שמאל', 'צוות הוראה', 'מה שבא לכם לכתוב אפשר להמציא מה שרוצים הכל כשר כמובן אין לי כח לכתוב פה טקסטים', '', 'fa fa-mortar-board'),
(7, 'שמאל', 'הסעות', 'מה שבא לכם לכתוב אפשר להמציא מה שרוצים הכל כשר כמובן אין לי כח לכתוב פה טקסטים', '', 'fa fa-car');

-- --------------------------------------------------------

--
-- Table structure for table `sliders`
--

CREATE TABLE `sliders` (
  `id` int(11) NOT NULL,
  `image` varchar(255) CHARACTER SET utf8mb4 NOT NULL,
  `title` varchar(255) CHARACTER SET utf8mb4 NOT NULL,
  `Description` varchar(255) CHARACTER SET utf8mb4 DEFAULT NULL,
  `created_at` datetime NOT NULL,
  `updated_at` datetime NOT NULL
) ENGINE=InnoDB DEFAULT CHARSET=utf8;

--
-- Dumping data for table `sliders`
--

INSERT INTO `sliders` (`id`, `image`, `title`, `Description`, `created_at`, `updated_at`) VALUES
(1, 'slider-1.jpg', 'יובל המנובל', 'הגבר הגבר הגבר הגבר הגבר הגבר הגבר הגבר הגבר הגבר הגבר הגבר הגבר הגבר הגבר הגבר הגבר ', '2017-03-01 09:23:24', '2017-04-25 15:38:36'),
(2, 'slider-2.jpg', 'כותרת-2', '123456789', '2017-01-02 00:00:00', '2017-08-09 14:37:50'),
(3, 'slider-3.jpg', 'כותרת-3', 'תיאור הכותרת פירוט נימוק וכדומה יש מקום להרבה טקסט ולספר מה שרוצים הטקסט נעלם כשצופים בטלפון נייד ', '2017-01-03 00:00:00', '2017-01-04 00:00:00');

-- --------------------------------------------------------

--
-- Table structure for table `songs`
--

CREATE TABLE `songs` (
  `id` int(11) NOT NULL,
  `title` varchar(255) NOT NULL,
  `description` varchar(255) DEFAULT NULL,
  `url` varchar(255) NOT NULL,
  `created_at` datetime NOT NULL,
  `updated_at` datetime NOT NULL
) ENGINE=InnoDB DEFAULT CHARSET=utf8;

--
-- Dumping data for table `songs`
--

INSERT INTO `songs` (`id`, `title`, `description`, `url`, `created_at`, `updated_at`) VALUES
(1, 'אני תמיד נשאר אני', 'עוזי חיטמן', '<iframe width=\"853\" height=\"480\" src=\"https://www.youtube.com/embed/rwSCm-bcVwQ?rel=0\" frameborder=\"0\" allowfullscreen></iframe>', '2017-02-01 00:00:00', '2017-02-02 00:00:00'),
(2, 'השקדיה פורחת', NULL, '<iframe width=\"853\" height=\"480\" src=\"https://www.youtube.com/embed/ifPCt2Sw6gA?rel=0\" frameborder=\"0\" allowfullscreen></iframe>', '2017-02-03 00:00:00', '2017-02-10 00:00:00'),
(3, 'הכבש השישה עשר', NULL, '<iframe width=\"853\" height=\"480\" src=\"https://www.youtube.com/embed/videoseries?list=PLFZs1jgEbuMX9ZLHD2-YMRUbPfEe03IX_\" frameborder=\"0\" allowfullscreen></iframe>', '2017-02-09 00:00:00', '2017-02-10 00:00:00');

-- --------------------------------------------------------

--
-- Table structure for table `stories`
--

CREATE TABLE `stories` (
  `id` int(11) NOT NULL,
  `title` varchar(255) NOT NULL,
  `description` varchar(255) DEFAULT NULL,
  `url` varchar(255) NOT NULL,
  `created_at` datetime NOT NULL,
  `updated_at` datetime NOT NULL
) ENGINE=InnoDB DEFAULT CHARSET=utf8;

--
-- Dumping data for table `stories`
--

INSERT INTO `stories` (`id`, `title`, `description`, `url`, `created_at`, `updated_at`) VALUES
(1, 'הפיל שרצה להיות הכי', 'בלה בלה בלה בלה בלה', '<iframe width=\"960\" height=\"540\" src=\"https://www.youtube.com/embed/xPz9ThHa5q0?rel=0\" frameborder=\"0\" allowfullscreen></iframe>', '2017-02-01 00:00:00', '2017-02-09 00:00:00'),
(2, 'אליעזר והגזר', 'משו משו', '<iframe width=\"853\" height=\"480\" src=\"https://www.youtube.com/embed/VAqVsw9vH3M?rel=0\" frameborder=\"0\" allowfullscreen></iframe>\n', '2017-02-01 00:00:00', '2017-02-02 00:00:00'),
(3, 'מיץ פטל', NULL, '<iframe width=\"853\" height=\"480\" src=\"https://www.youtube.com/embed/A0cIAcXFliI?rel=0\" frameborder=\"0\" allowfullscreen></iframe>', '2017-02-07 00:00:00', '2017-02-16 00:00:00');

-- --------------------------------------------------------

--
-- Table structure for table `testamonials`
--

CREATE TABLE `testamonials` (
  `id` int(11) NOT NULL,
  `name` varchar(50) NOT NULL,
  `details` varchar(150) NOT NULL,
  `homeDisplay` tinyint(1) NOT NULL,
  `created_at` datetime NOT NULL,
  `updated_at` datetime NOT NULL
) ENGINE=InnoDB DEFAULT CHARSET=utf8;

--
-- Dumping data for table `testamonials`
--

INSERT INTO `testamonials` (`id`, `name`, `details`, `homeDisplay`, `created_at`, `updated_at`) VALUES
(1, 'דרור אשכנזי', 'אין דברים כאלו !!! הבן שלי רץ לגן בבוקר ומתעצבן כשאני רוצה לקחת אותו הבית.', 1, '2017-09-01 00:00:00', '2017-09-02 00:00:00'),
(2, 'איריס שבת', 'הילד שלי בן 3 ועדיין בחיתולים. הגננות מחליפות לו בסובלנות כל היום.', 1, '2017-09-10 00:00:00', '2017-09-11 00:00:00'),
(3, 'אלונה וייסנבלום', 'הבת שלי תמיד חולה ובכל זאת אני מביאה אותה לגן והיא זוכה לטיפול מסור יום יום.', 1, '2017-09-12 00:00:00', '2017-09-13 00:00:00'),
(4, 'עדי שוהם', 'הבן שלי תמיד מגיע עם בגדים קצרים והגננות דואגות שיהיה לו חם.', 1, '2017-09-18 00:00:00', '2017-09-19 00:00:00'),
(5, 'ג׳ניפר סוואד', 'הבת שלי מתה על אוסי ושירה, אין לי מילים לתאר את היכולות והמסירות שלהן ושל בנות הצוות.', 1, '2017-09-12 00:00:00', '2017-09-13 00:00:00'),
(6, 'רוקי מאיירס', 'הבן שלי הלך לגנון שם ועכשיו הוא בצהרון ועכשיו  הבת שלי שם בפעוטון', 1, '2017-09-13 00:00:00', '2017-09-23 00:00:00');

-- --------------------------------------------------------

--
-- Table structure for table `users`
--

CREATE TABLE `users` (
  `id` int(11) NOT NULL,
  `firstName` varchar(255) NOT NULL,
  `email` varchar(255) NOT NULL,
  `password` varchar(255) NOT NULL,
  `permitions` varchar(15) NOT NULL,
  `getNewsletters` tinyint(1) NOT NULL,
  `created_at` datetime NOT NULL,
  `updated_at` datetime NOT NULL
) ENGINE=InnoDB DEFAULT CHARSET=utf8;

--
-- Dumping data for table `users`
--

INSERT INTO `users` (`id`, `firstName`, `email`, `password`, `permitions`, `getNewsletters`, `created_at`, `updated_at`) VALUES
(1, '0', '00', 'jgfcs75ijhb%Khgvljhdc8', 'נא לא לגעת', 0, '2016-07-02 00:00:00', '2016-10-03 00:00:00'),
(2, '0', '000', 'jgfcs75ijhb%Khgvlhgytu', 'נא לא לגעת', 0, '2016-07-17 00:02:00', '2016-10-22 00:00:00'),
(3, 'admin', 'gvgadmin@gmail.com', '$2y$10$OkFvk1ha1Jn09JvDpBtOZOh.9JFG.CkapyGPbcnBRSwksqKGGS7Sq', 'אדמין', 1, '2016-10-05 00:00:00', '2017-10-16 11:31:20'),
(6, 'Dror', 'dror@gmail.com', '$2y$10$NuumlkUMdmgoSlG8xpjrDunAAJKHy2stdHWHsKLvqdCBO.3ju5D8W', 'אדמין', 1, '2017-10-17 12:52:11', '2017-10-17 12:56:18');

-- --------------------------------------------------------

--
-- Table structure for table `users_role`
--

CREATE TABLE `users_role` (
  `uid` int(11) NOT NULL,
  `rid` int(11) NOT NULL
) ENGINE=InnoDB DEFAULT CHARSET=utf8;

--
-- Dumping data for table `users_role`
--

INSERT INTO `users_role` (`uid`, `rid`) VALUES
(3, 3),
(6, 3);

-- --------------------------------------------------------

--
-- Table structure for table `zevel-fa`
--

CREATE TABLE `zevel-fa` (
  `id` int(11) NOT NULL,
  `faIcon` varchar(255) NOT NULL
) ENGINE=InnoDB DEFAULT CHARSET=utf8;

--
-- Dumping data for table `zevel-fa`
--

INSERT INTO `zevel-fa` (`id`, `faIcon`) VALUES
(1, 'fa-glass'),
(2, 'fa-music'),
(3, 'fa-search'),
(4, 'fa-envelope-o'),
(5, 'fa-heart'),
(6, 'fa-star'),
(7, 'fa-star-o'),
(8, 'fa-user'),
(9, 'fa-film'),
(10, 'fa-th-large'),
(11, 'fa-th'),
(12, 'fa-th-list'),
(13, 'fa-check'),
(14, 'fa-remove'),
(15, 'fa-close'),
(16, 'fa-times'),
(17, 'fa-search-plus'),
(18, 'fa-search-minus'),
(19, 'fa-power-off'),
(20, 'fa-signal'),
(21, 'fa-gear'),
(22, 'fa-cog'),
(23, 'fa-trash-o'),
(24, 'fa-home'),
(25, 'fa-file-o'),
(26, 'fa-clock-o'),
(27, 'fa-road'),
(28, 'fa-download'),
(29, 'fa-arrow-circle-o-do'),
(30, 'fa-arrow-circle-o-up'),
(31, 'fa-inbox'),
(32, 'fa-play-circle-o'),
(33, 'fa-rotate-right'),
(34, 'fa-repeat'),
(35, 'fa-refresh'),
(36, 'fa-list-alt'),
(37, 'fa-lock'),
(38, 'fa-flag'),
(39, 'fa-headphones'),
(40, 'fa-volume-off'),
(41, 'fa-volume-down'),
(42, 'fa-volume-up'),
(43, 'fa-qrcode'),
(44, 'fa-barcode'),
(45, 'fa-tag'),
(46, 'fa-tags'),
(47, 'fa-book'),
(48, 'fa-bookmark'),
(49, 'fa-print f'),
(50, 'fa-camera'),
(51, 'fa-font'),
(52, 'fa-bold'),
(53, 'fa-italic'),
(54, 'fa-text-height'),
(55, 'fa-text-width'),
(56, 'fa-align-left'),
(57, 'fa-align-center'),
(58, 'fa-align-right'),
(59, 'fa-align-justify'),
(60, 'fa-list'),
(61, 'fa-dedent'),
(62, 'fa-outdent'),
(63, 'fa-indent'),
(64, 'fa-video-camera'),
(65, 'fa-photo'),
(66, 'fa-image'),
(67, 'fa-picture-o'),
(68, 'fa-pencil'),
(69, 'fa-map-marker'),
(70, 'fa-adjust'),
(71, 'fa-tint'),
(72, 'fa-edit'),
(73, 'fa-pencil-square-o'),
(74, 'fa-share-square-o'),
(75, 'fa-check-square-o'),
(76, 'fa-arrows'),
(77, 'fa-step-backward'),
(78, 'fa-fast-backward'),
(79, 'fa-backward'),
(80, 'fa-play'),
(81, 'fa-pause'),
(82, 'fa-stop'),
(83, 'fa-forward'),
(84, 'fa-fast-forward'),
(85, 'fa-step-forward'),
(86, 'fa-eject'),
(87, 'fa-chevron-left'),
(88, 'fa-chevron-right'),
(89, 'fa-plus-circle'),
(90, 'fa-minus-circle'),
(91, 'fa-times-circle'),
(92, 'fa-check-circle'),
(93, 'fa-question-circle'),
(94, 'fa-info-circle'),
(95, 'fa-crosshairs'),
(96, 'fa-times-circle-o'),
(97, 'fa-check-circle-o'),
(98, 'fa-ban'),
(99, 'fa-arrow-left'),
(100, 'fa-arrow-right'),
(101, 'fa-arrow-up'),
(102, 'fa-arrow-down'),
(103, 'fa-mail-forward'),
(104, 'fa-share'),
(105, 'fa-expand'),
(106, 'fa-compress'),
(107, 'fa-plus'),
(108, 'fa-minus'),
(109, 'fa-asterisk'),
(110, 'fa-exclamation-circl'),
(111, 'fa-gift'),
(112, 'fa-leaf'),
(113, 'fa-fire'),
(114, 'fa-eye'),
(115, 'fa-eye-slash'),
(116, 'fa-warning'),
(117, 'fa-exclamation-trian'),
(118, 'fa-plane'),
(119, 'fa-calendar'),
(120, 'fa-random'),
(121, 'fa-comment'),
(122, 'fa-magnet'),
(123, 'fa-chevron-up'),
(124, 'fa-chevron-down'),
(125, 'fa-retweet'),
(126, 'fa-shopping-cart'),
(127, 'fa-folder'),
(128, 'fa-folder-open'),
(129, 'fa-arrows-v'),
(130, 'fa-arrows-h'),
(131, 'fa-bar-chart-o'),
(132, 'fa-bar-chart'),
(133, 'fa-twitter-square'),
(134, 'fa-facebook-square'),
(135, 'fa-camera-retro'),
(136, 'fa-key'),
(137, 'fa-gears'),
(138, 'fa-cogs'),
(139, 'fa-comments'),
(140, 'fa-thumbs-o-up'),
(141, 'fa-thumbs-o-down'),
(142, 'fa-star-half'),
(143, 'fa-heart-o'),
(144, 'fa-sign-out'),
(145, 'fa-linkedin-square'),
(146, 'fa-thumb-tack'),
(147, 'fa-external-link'),
(148, 'fa-sign-in'),
(149, 'fa-trophy'),
(150, 'fa-github-square'),
(151, 'fa-upload'),
(152, 'fa-lemon-o'),
(153, 'fa-phone'),
(154, 'fa-square-o'),
(155, 'fa-bookmark-o'),
(156, 'fa-phone-square'),
(157, 'fa-twitter'),
(158, 'fa-facebook-f'),
(159, 'fa-facebook'),
(160, 'fa-github'),
(161, 'fa-unlock'),
(162, 'fa-credit-card'),
(163, 'fa-rss'),
(164, 'fa-hdd-o'),
(165, 'fa-bullhorn'),
(166, 'fa-bell'),
(167, 'fa-certificate'),
(168, 'fa-hand-o-right'),
(169, 'fa-hand-o-left'),
(170, 'fa-hand-o-up'),
(171, 'fa-hand-o-down'),
(172, 'fa-arrow-circle-left'),
(173, 'fa-arrow-circle-righ'),
(174, 'fa-arrow-circle-up'),
(175, 'fa-arrow-circle-down'),
(176, 'fa-globe'),
(177, 'fa-wrench'),
(178, 'fa-tasks'),
(179, 'fa-filter'),
(180, 'fa-briefcase'),
(181, 'fa-arrows-alt'),
(182, 'fa-group'),
(183, 'fa-users'),
(184, 'fa-chain'),
(185, 'fa-link'),
(186, 'fa-cloud'),
(187, 'fa-flask'),
(188, 'fa-cut'),
(189, 'fa-scissors'),
(190, 'fa-copy'),
(191, 'fa-files-o'),
(192, 'fa-paperclip'),
(193, 'fa-save'),
(194, 'fa-floppy-o'),
(195, 'fa-square'),
(196, 'fa-navicon'),
(197, 'fa-reorder'),
(198, 'fa-bars'),
(199, 'fa-list-ul'),
(200, 'fa-list-ol'),
(201, 'fa-strikethrough'),
(202, 'fa-underline'),
(203, 'fa-table'),
(204, 'fa-magic'),
(205, 'fa-truck'),
(206, 'fa-pinterest'),
(207, 'fa-pinterest-square'),
(208, 'fa-google-plus-squar'),
(209, 'fa-google-plus'),
(210, 'fa-money'),
(211, 'fa-caret-down'),
(212, 'fa-caret-up'),
(213, 'fa-caret-left'),
(214, 'fa-caret-right'),
(215, 'fa-columns'),
(216, 'fa-unsorted'),
(217, 'fa-sort'),
(218, 'fa-sort-down'),
(219, 'fa-sort-desc'),
(220, 'fa-sort-up'),
(221, 'fa-sort-asc'),
(222, 'fa-envelope'),
(223, 'fa-linkedin'),
(224, 'fa-rotate-left'),
(225, 'fa-undo'),
(226, 'fa-legal'),
(227, 'fa-gavel'),
(228, 'fa-dashboard'),
(229, 'fa-tachometer'),
(230, 'fa-comment-o'),
(231, 'fa-comments-o'),
(232, 'fa-flash'),
(233, 'fa-bolt'),
(234, 'fa-sitemap'),
(235, 'fa-umbrella'),
(236, 'fa-paste'),
(237, 'fa-clipboard'),
(238, 'fa-lightbulb-o'),
(239, 'fa-exchange'),
(240, 'fa-cloud-download'),
(241, 'fa-cloud-upload'),
(242, 'fa-user-md'),
(243, 'fa-stethoscope'),
(244, 'fa-suitcase'),
(245, 'fa-bell-o'),
(246, 'fa-coffee'),
(247, 'fa-cutlery'),
(248, 'fa-file-text-o'),
(249, 'fa-building-o'),
(250, 'fa-hospital-o'),
(251, 'fa-ambulance'),
(252, 'fa-medkit'),
(253, 'fa-fighter-jet'),
(254, 'fa-beer'),
(255, 'fa-h-square'),
(256, 'fa-plus-square'),
(257, 'fa-angle-double-left'),
(258, 'fa-angle-double-righ'),
(259, 'fa-angle-double-up'),
(260, 'fa-angle-double-down'),
(261, 'fa-angle-left'),
(262, 'fa-angle-right'),
(263, 'fa-angle-up'),
(264, 'fa-angle-down'),
(265, 'fa-desktop'),
(266, 'fa-laptop'),
(267, 'fa-tablet'),
(268, 'fa-mobile-phone'),
(269, 'fa-mobile'),
(270, 'fa-circle-o'),
(271, 'fa-quote-left'),
(272, 'fa-quote-right'),
(273, 'fa-spinner'),
(274, 'fa-circle'),
(275, 'fa-mail-reply'),
(276, 'fa-reply'),
(277, 'fa-github-alt'),
(278, 'fa-folder-o'),
(279, 'fa-folder-open-o'),
(280, 'fa-smile-o'),
(281, 'fa-frown-o'),
(282, 'fa-meh-o'),
(283, 'fa-gamepad'),
(284, 'fa-keyboard-o'),
(285, 'fa-flag-o'),
(286, 'fa-flag-checkered'),
(287, 'fa-terminal'),
(288, 'fa-code'),
(289, 'fa-mail-reply-all'),
(290, 'fa-reply-all'),
(291, 'fa-star-half-empty'),
(292, 'fa-star-half-full'),
(293, 'fa-star-half-o'),
(294, 'fa-location-arrow'),
(295, 'fa-crop'),
(296, 'fa-code-fork'),
(297, 'fa-unlink'),
(298, 'fa-chain-broken'),
(299, 'fa-question'),
(300, 'fa-info'),
(301, 'fa-exclamation'),
(302, 'fa-superscript'),
(303, 'fa-subscript'),
(304, 'fa-eraser'),
(305, 'fa-puzzle-piece'),
(306, 'fa-microphone'),
(307, 'fa-microphone-slash'),
(308, 'fa-shield'),
(309, 'fa-calendar-o'),
(310, 'fa-fire-extinguisher'),
(311, 'fa-rocket'),
(312, 'fa-maxcdn'),
(313, 'fa-chevron-circle-le'),
(314, 'fa-chevron-circle-ri'),
(315, 'fa-chevron-circle-up'),
(316, 'fa-chevron-circle-do'),
(317, 'fa-html5'),
(318, 'fa-css3'),
(319, 'fa-anchor'),
(320, 'fa-unlock-alt'),
(321, 'fa-bullseye'),
(322, 'fa-ellipsis-h'),
(323, 'fa-ellipsis-v'),
(324, 'fa-rss-square'),
(325, 'fa-play-circle'),
(326, 'fa-ticket'),
(327, 'fa-minus-square'),
(328, 'fa-minus-square-o'),
(329, 'fa-level-up'),
(330, 'fa-level-down'),
(331, 'fa-check-square'),
(332, 'fa-pencil-square'),
(333, 'fa-external-link-squ'),
(334, 'fa-share-square'),
(335, 'fa-compass'),
(336, 'fa-toggle-down'),
(337, 'fa-caret-square-o-do'),
(338, 'fa-toggle-up'),
(339, 'fa-caret-square-o-up'),
(340, 'fa-toggle-right'),
(341, 'fa-caret-square-o-ri'),
(342, 'fa-euro'),
(343, 'fa-eur'),
(344, 'fa-gbp'),
(345, 'fa-dollar'),
(346, 'fa-usd'),
(347, 'fa-rupee'),
(348, 'fa-inr'),
(349, 'fa-cny'),
(350, 'fa-rmb'),
(351, 'fa-yen'),
(352, 'fa-jpy'),
(353, 'fa-ruble'),
(354, 'fa-rouble'),
(355, 'fa-rub'),
(356, 'fa-won'),
(357, 'fa-krw'),
(358, 'fa-bitcoin'),
(359, 'fa-btc'),
(360, 'fa-file'),
(361, 'fa-file-text'),
(362, 'fa-sort-alpha-asc'),
(363, 'fa-sort-alpha-desc'),
(364, 'fa-sort-amount-asc'),
(365, 'fa-sort-amount-desc'),
(366, 'fa-sort-numeric-asc'),
(367, 'fa-sort-numeric-desc'),
(368, 'fa-thumbs-up'),
(369, 'fa-thumbs-down'),
(370, 'fa-youtube-square'),
(371, 'fa-youtube'),
(372, 'fa-xing'),
(373, 'fa-xing-square'),
(374, 'fa-youtube-play'),
(375, 'fa-dropbox'),
(376, 'fa-stack-overflow'),
(377, 'fa-instagram'),
(378, 'fa-flickr'),
(379, 'fa-adn'),
(380, 'fa-bitbucket'),
(381, 'fa-bitbucket-square'),
(382, 'fa-tumblr'),
(383, 'fa-tumblr-square'),
(384, 'fa-long-arrow-down'),
(385, 'fa-long-arrow-up'),
(386, 'fa-long-arrow-left'),
(387, 'fa-long-arrow-right'),
(388, 'fa-apple'),
(389, 'fa-windows'),
(390, 'fa-android'),
(391, 'fa-linux'),
(392, 'fa-dribbble'),
(393, 'fa-skype'),
(394, 'fa-foursquare'),
(395, 'fa-trello'),
(396, 'fa-female'),
(397, 'fa-male'),
(398, 'fa-gittip'),
(399, 'fa-gratipay'),
(400, 'fa-sun-o'),
(401, 'fa-moon-o'),
(402, 'fa-archive'),
(403, 'fa-bug'),
(404, 'fa-vk'),
(405, 'fa-weibo'),
(406, 'fa-renren'),
(407, 'fa-pagelines'),
(408, 'fa-stack-exchange'),
(409, 'fa-arrow-circle-o-ri'),
(410, 'fa-arrow-circle-o-le'),
(411, 'fa-toggle-left'),
(412, 'fa-caret-square-o-le'),
(413, 'fa-dot-circle-o'),
(414, 'fa-wheelchair'),
(415, 'fa-vimeo-square'),
(416, 'fa-turkish-lira'),
(417, 'fa-try'),
(418, 'fa-plus-square-o'),
(419, 'fa-space-shuttle'),
(420, 'fa-slack'),
(421, 'fa-envelope-square'),
(422, 'fa-wordpress'),
(423, 'fa-openid'),
(424, 'fa-institution'),
(425, 'fa-bank'),
(426, 'fa-university'),
(427, 'fa-mortar-board'),
(428, 'fa-graduation-cap'),
(429, 'fa-yahoo'),
(430, 'fa-google'),
(431, 'fa-reddit'),
(432, 'fa-reddit-square'),
(433, 'fa-stumbleupon-circl'),
(434, 'fa-stumbleupon'),
(435, 'fa-delicious'),
(436, 'fa-digg'),
(437, 'fa-pied-piper'),
(438, 'fa-pied-piper-alt'),
(439, 'fa-drupal'),
(440, 'fa-joomla'),
(441, 'fa-language'),
(442, 'fa-fax'),
(443, 'fa-building'),
(444, 'fa-child'),
(445, 'fa-paw'),
(446, 'fa-spoon'),
(447, 'fa-cube'),
(448, 'fa-cubes'),
(449, 'fa-behance'),
(450, 'fa-behance-square'),
(451, 'fa-steam'),
(452, 'fa-steam-square'),
(453, 'fa-recycle'),
(454, 'fa-automobile'),
(455, 'fa-car'),
(456, 'fa-cab'),
(457, 'fa-taxi'),
(458, 'fa-tree'),
(459, 'fa-spotify'),
(460, 'fa-deviantart'),
(461, 'fa-soundcloud'),
(462, 'fa-database'),
(463, 'fa-file-pdf-o'),
(464, 'fa-file-word-o'),
(465, 'fa-file-excel-o'),
(466, 'fa-file-powerpoint-o'),
(467, 'fa-file-photo-o'),
(468, 'fa-file-picture-o'),
(469, 'fa-file-image-o'),
(470, 'fa-file-zip-o'),
(471, 'fa-file-archive-o'),
(472, 'fa-file-sound-o'),
(473, 'fa-file-audio-o'),
(474, 'fa-file-movie-o'),
(475, 'fa-file-video-o'),
(476, 'fa-file-code-o'),
(477, 'fa-vine'),
(478, 'fa-codepen'),
(479, 'fa-jsfiddle'),
(480, 'fa-life-bouy'),
(481, 'fa-life-buoy'),
(482, 'fa-life-saver'),
(483, 'fa-support'),
(484, 'fa-life-ring'),
(485, 'fa-circle-o-notch'),
(486, 'fa-ra'),
(487, 'fa-rebel'),
(488, 'fa-ge'),
(489, 'fa-empire'),
(490, 'fa-git-square'),
(491, 'fa-git'),
(492, 'fa-hacker-news'),
(493, 'fa-tencent-weibo'),
(494, 'fa-qq'),
(495, 'fa-wechat'),
(496, 'fa-weixin'),
(497, 'fa-send'),
(498, 'fa-paper-plane'),
(499, 'fa-send-o'),
(500, 'fa-paper-plane-o'),
(501, 'fa-history'),
(502, 'fa-genderless'),
(503, 'fa-circle-thin'),
(504, 'fa-header'),
(505, 'fa-paragraph'),
(506, 'fa-sliders'),
(507, 'fa-share-alt'),
(508, 'fa-share-alt-square'),
(509, 'fa-bomb'),
(510, 'fa-soccer-ball-o'),
(511, 'fa-futbol-o'),
(512, 'fa-tty'),
(513, 'fa-binoculars'),
(514, 'fa-plug'),
(515, 'fa-slideshare'),
(516, 'fa-twitch'),
(517, 'fa-yelp'),
(518, 'fa-newspaper-o'),
(519, 'fa-wifi'),
(520, 'fa-calculator'),
(521, 'fa-paypal'),
(522, 'fa-google-wallet'),
(523, 'fa-cc-visa'),
(524, 'fa-cc-mastercard'),
(525, 'fa-cc-discover'),
(526, 'fa-cc-amex'),
(527, 'fa-cc-paypal'),
(528, 'fa-cc-stripe'),
(529, 'fa-bell-slash'),
(530, 'fa-bell-slash-o'),
(531, 'fa-trash'),
(532, 'fa-copyright'),
(533, 'fa-at'),
(534, 'fa-eyedropper'),
(535, 'fa-paint-brush'),
(536, 'fa-birthday-cake'),
(537, 'fa-area-chart'),
(538, 'fa-pie-chart'),
(539, 'fa-line-chart'),
(540, 'fa-lastfm'),
(541, 'fa-lastfm-square'),
(542, 'fa-toggle-off'),
(543, 'fa-toggle-on'),
(544, 'fa-bicycle'),
(545, 'fa-bus'),
(546, 'fa-ioxhost'),
(547, 'fa-angellist'),
(548, 'fa-cc za'),
(549, 'fa-shekel'),
(550, 'fa-sheqel'),
(551, 'fa-ils'),
(552, 'fa-meanpath'),
(553, 'fa-buysellads'),
(554, 'fa-connectdevelop'),
(555, 'fa-dashcube'),
(556, 'fa-forumbee'),
(557, 'fa-leanpub'),
(558, 'fa-sellsy'),
(559, 'fa-shirtsinbulk'),
(560, 'fa-simplybuilt'),
(561, 'fa-skyatlas'),
(562, 'fa-cart-plus'),
(563, 'fa-cart-arrow-down'),
(564, 'fa-diamond'),
(565, 'fa-ship'),
(566, 'fa-user-secret'),
(567, 'fa-motorcycle'),
(568, 'fa-street-view'),
(569, 'fa-heartbeat'),
(570, 'fa-venus'),
(571, 'fa-mars'),
(572, 'fa-mercury'),
(573, 'fa-transgender'),
(574, 'fa-transgender-alt'),
(575, 'fa-venus-double'),
(576, 'fa-mars-double'),
(577, 'fa-venus-mars'),
(578, 'fa-mars-stroke'),
(579, 'fa-mars-stroke-v'),
(580, 'fa-mars-stroke-h'),
(581, 'fa-neuter'),
(582, 'fa-facebook-official'),
(583, 'fa-pinterest-p'),
(584, 'fa-whatsapp'),
(585, 'fa-server'),
(586, 'fa-user-plus'),
(587, 'fa-user-times'),
(588, 'fa-hotel'),
(589, 'fa-bed'),
(590, 'fa-viacoin'),
(591, 'fa-train'),
(592, 'fa-subway'),
(593, 'fa-medium');

--
-- Indexes for dumped tables
--

--
-- Indexes for table `about`
--
ALTER TABLE `about`
  ADD PRIMARY KEY (`id`);

--
-- Indexes for table `albums`
--
ALTER TABLE `albums`
  ADD PRIMARY KEY (`id`);

--
-- Indexes for table `colors`
--
ALTER TABLE `colors`
  ADD PRIMARY KEY (`bgNum`),
  ADD UNIQUE KEY `color` (`hex`) USING BTREE;

--
-- Indexes for table `contacts`
--
ALTER TABLE `contacts`
  ADD PRIMARY KEY (`id`);

--
-- Indexes for table `employees`
--
ALTER TABLE `employees`
  ADD PRIMARY KEY (`id`);

--
-- Indexes for table `events`
--
ALTER TABLE `events`
  ADD PRIMARY KEY (`id`);

--
-- Indexes for table `facts`
--
ALTER TABLE `facts`
  ADD PRIMARY KEY (`id`);

--
-- Indexes for table `headlines`
--
ALTER TABLE `headlines`
  ADD PRIMARY KEY (`id`);

--
-- Indexes for table `menus`
--
ALTER TABLE `menus`
  ADD PRIMARY KEY (`id`);

--
-- Indexes for table `months`
--
ALTER TABLE `months`
  ADD PRIMARY KEY (`id`);

--
-- Indexes for table `offers`
--
ALTER TABLE `offers`
  ADD PRIMARY KEY (`id`),
  ADD UNIQUE KEY `title` (`title`);

--
-- Indexes for table `offers_thumbs`
--
ALTER TABLE `offers_thumbs`
  ADD PRIMARY KEY (`id`);

--
-- Indexes for table `ournewsletters`
--
ALTER TABLE `ournewsletters`
  ADD PRIMARY KEY (`id`);

--
-- Indexes for table `pictures`
--
ALTER TABLE `pictures`
  ADD PRIMARY KEY (`id`);

--
-- Indexes for table `playlists`
--
ALTER TABLE `playlists`
  ADD PRIMARY KEY (`id`);

--
-- Indexes for table `posts`
--
ALTER TABLE `posts`
  ADD PRIMARY KEY (`id`),
  ADD UNIQUE KEY `url` (`url`);

--
-- Indexes for table `prices`
--
ALTER TABLE `prices`
  ADD PRIMARY KEY (`id`),
  ADD UNIQUE KEY `myOrder` (`myOrder`);

--
-- Indexes for table `schedules`
--
ALTER TABLE `schedules`
  ADD PRIMARY KEY (`id`);

--
-- Indexes for table `services`
--
ALTER TABLE `services`
  ADD PRIMARY KEY (`id`);

--
-- Indexes for table `sliders`
--
ALTER TABLE `sliders`
  ADD PRIMARY KEY (`id`);

--
-- Indexes for table `songs`
--
ALTER TABLE `songs`
  ADD PRIMARY KEY (`id`);

--
-- Indexes for table `stories`
--
ALTER TABLE `stories`
  ADD PRIMARY KEY (`id`);

--
-- Indexes for table `testamonials`
--
ALTER TABLE `testamonials`
  ADD PRIMARY KEY (`id`);

--
-- Indexes for table `users`
--
ALTER TABLE `users`
  ADD PRIMARY KEY (`id`),
  ADD UNIQUE KEY `email` (`email`);

--
-- AUTO_INCREMENT for dumped tables
--

--
-- AUTO_INCREMENT for table `about`
--
ALTER TABLE `about`
  MODIFY `id` int(11) NOT NULL AUTO_INCREMENT, AUTO_INCREMENT=11;
--
-- AUTO_INCREMENT for table `albums`
--
ALTER TABLE `albums`
  MODIFY `id` int(11) NOT NULL AUTO_INCREMENT, AUTO_INCREMENT=67;
--
-- AUTO_INCREMENT for table `contacts`
--
ALTER TABLE `contacts`
  MODIFY `id` int(11) NOT NULL AUTO_INCREMENT, AUTO_INCREMENT=11;
--
-- AUTO_INCREMENT for table `employees`
--
ALTER TABLE `employees`
  MODIFY `id` int(11) NOT NULL AUTO_INCREMENT, AUTO_INCREMENT=7;
--
-- AUTO_INCREMENT for table `events`
--
ALTER TABLE `events`
  MODIFY `id` int(11) NOT NULL AUTO_INCREMENT, AUTO_INCREMENT=11;
--
-- AUTO_INCREMENT for table `facts`
--
ALTER TABLE `facts`
  MODIFY `id` int(11) NOT NULL AUTO_INCREMENT, AUTO_INCREMENT=5;
--
-- AUTO_INCREMENT for table `headlines`
--
ALTER TABLE `headlines`
  MODIFY `id` int(11) NOT NULL AUTO_INCREMENT, AUTO_INCREMENT=8;
--
-- AUTO_INCREMENT for table `menus`
--
ALTER TABLE `menus`
  MODIFY `id` int(11) NOT NULL AUTO_INCREMENT, AUTO_INCREMENT=100;
--
-- AUTO_INCREMENT for table `months`
--
ALTER TABLE `months`
  MODIFY `id` int(11) NOT NULL AUTO_INCREMENT, AUTO_INCREMENT=13;
--
-- AUTO_INCREMENT for table `offers`
--
ALTER TABLE `offers`
  MODIFY `id` int(11) NOT NULL AUTO_INCREMENT, AUTO_INCREMENT=4;
--
-- AUTO_INCREMENT for table `offers_thumbs`
--
ALTER TABLE `offers_thumbs`
  MODIFY `id` int(11) NOT NULL AUTO_INCREMENT, AUTO_INCREMENT=7;
--
-- AUTO_INCREMENT for table `ournewsletters`
--
ALTER TABLE `ournewsletters`
  MODIFY `id` int(11) NOT NULL AUTO_INCREMENT;
--
-- AUTO_INCREMENT for table `pictures`
--
ALTER TABLE `pictures`
  MODIFY `id` int(11) NOT NULL AUTO_INCREMENT, AUTO_INCREMENT=438;
--
-- AUTO_INCREMENT for table `playlists`
--
ALTER TABLE `playlists`
  MODIFY `id` int(11) NOT NULL AUTO_INCREMENT, AUTO_INCREMENT=15;
--
-- AUTO_INCREMENT for table `posts`
--
ALTER TABLE `posts`
  MODIFY `id` int(11) NOT NULL AUTO_INCREMENT, AUTO_INCREMENT=5;
--
-- AUTO_INCREMENT for table `prices`
--
ALTER TABLE `prices`
  MODIFY `id` int(11) NOT NULL AUTO_INCREMENT, AUTO_INCREMENT=4;
--
-- AUTO_INCREMENT for table `schedules`
--
ALTER TABLE `schedules`
  MODIFY `id` int(11) NOT NULL AUTO_INCREMENT, AUTO_INCREMENT=16;
--
-- AUTO_INCREMENT for table `services`
--
ALTER TABLE `services`
  MODIFY `id` int(11) NOT NULL AUTO_INCREMENT, AUTO_INCREMENT=8;
--
-- AUTO_INCREMENT for table `sliders`
--
ALTER TABLE `sliders`
  MODIFY `id` int(11) NOT NULL AUTO_INCREMENT, AUTO_INCREMENT=4;
--
-- AUTO_INCREMENT for table `songs`
--
ALTER TABLE `songs`
  MODIFY `id` int(11) NOT NULL AUTO_INCREMENT, AUTO_INCREMENT=4;
--
-- AUTO_INCREMENT for table `stories`
--
ALTER TABLE `stories`
  MODIFY `id` int(11) NOT NULL AUTO_INCREMENT, AUTO_INCREMENT=4;
--
-- AUTO_INCREMENT for table `testamonials`
--
ALTER TABLE `testamonials`
  MODIFY `id` int(11) NOT NULL AUTO_INCREMENT, AUTO_INCREMENT=7;
--
-- AUTO_INCREMENT for table `users`
--
ALTER TABLE `users`
  MODIFY `id` int(11) NOT NULL AUTO_INCREMENT, AUTO_INCREMENT=7;COMMIT;

/*!40101 SET CHARACTER_SET_CLIENT=@OLD_CHARACTER_SET_CLIENT */;
/*!40101 SET CHARACTER_SET_RESULTS=@OLD_CHARACTER_SET_RESULTS */;
/*!40101 SET COLLATION_CONNECTION=@OLD_COLLATION_CONNECTION */;
